login	password	confirmPassword	email	firstName	lastName	address	roles	telegramId
user_0	testpassword	testpassword	user@example.com	Vladimir	Putin	Kremlin	['DETECTIVE']	12346
user_1	testpassword	testpassword	user@example.com	Vladimir	Putin	Kremlin	['DETECTIVE']	12346
user_2	testpassword	testpassword	user@example.com	Vladimir	Putin	Kremlin	['DETECTIVE']	12346
user_3	testpassword	testpassword	user@example.com	Vladimir	Putin	Kremlin	['DETECTIVE']	12346
user_4	testpassword	testpassword	user@example.com	Vladimir	Putin	Kremlin	['DETECTIVE']	12346
user_5	testpassword	testpassword	user@example.com	Vladimir	Putin	Kremlin	['DETECTIVE']	12346
user_6	testpassword	testpassword	user@example.com	Vladimir	Putin	Kremlin	['DETECTIVE']	12346
user_7	testpassword	testpassword	user@example.com	Vladimir	Putin	Kremlin	['DETECTIVE']	12346
user_8	testpassword	testpassword	user@example.com	Vladimir	Putin	Kremlin	['DETECTIVE']	12346
user_9	testpassword	testpassword	user@example.com	Vladimir	Putin	Kremlin	['DETECTIVE']	12346
user_10	testpassword	testpassword	user@example.com	Vladimir	Putin	Kremlin	['DETECTIVE']	12346
user_11	testpassword	testpassword	user@example.com	Vladimir	Putin	Kremlin	['DETECTIVE']	12346
user_12	testpassword	testpassword	user@example.com	Vladimir	Putin	Kremlin	['DETECTIVE']	12346
user_13	testpassword	testpassword	user@example.com	Vladimir	Putin	Kremlin	['DETECTIVE']	12346
user_14	testpassword	testpassword	user@example.com	Vladimir	Putin	Kremlin	['DETECTIVE']	12346
user_15	testpassword	testpassword	user@example.com	Vladimir	Putin	Kremlin	['DETECTIVE']	12346
user_16	testpassword	testpassword	user@example.com	Vladimir	Putin	Kremlin	['DETECTIVE']	12346
user_17	testpassword	testpassword	user@example.com	Vladimir	Putin	Kremlin	['DETECTIVE']	12346
user_18	testpassword	testpassword	user@example.com	Vladimir	Putin	Kremlin	['DETECTIVE']	12346
user_19	testpassword	testpassword	user@example.com	Vladimir	Putin	Kremlin	['DETECTIVE']	12346
user_20	testpassword	testpassword	user@example.com	Vladimir	Putin	Kremlin	['DETECTIVE']	12346
user_21	testpassword	testpassword	user@example.com	Vladimir	Putin	Kremlin	['DETECTIVE']	12346
user_22	testpassword	testpassword	user@example.com	Vladimir	Putin	Kremlin	['DETECTIVE']	12346
user_23	testpassword	testpassword	user@example.com	Vladimir	Putin	Kremlin	['DETECTIVE']	12346
user_24	testpassword	testpassword	user@example.com	Vladimir	Putin	Kremlin	['DETECTIVE']	12346
user_25	testpassword	testpassword	user@example.com	Vladimir	Putin	Kremlin	['DETECTIVE']	12346
user_26	testpassword	testpassword	user@example.com	Vladimir	Putin	Kremlin	['DETECTIVE']	12346
user_27	testpassword	testpassword	user@example.com	Vladimir	Putin	Kremlin	['DETECTIVE']	12346
user_28	testpassword	testpassword	user@example.com	Vladimir	Putin	Kremlin	['DETECTIVE']	12346
user_29	testpassword	testpassword	user@example.com	Vladimir	Putin	Kremlin	['DETECTIVE']	12346
user_30	testpassword	testpassword	user@example.com	Vladimir	Putin	Kremlin	['DETECTIVE']	12346
user_31	testpassword	testpassword	user@example.com	Vladimir	Putin	Kremlin	['DETECTIVE']	12346
user_32	testpassword	testpassword	user@example.com	Vladimir	Putin	Kremlin	['DETECTIVE']	12346
user_33	testpassword	testpassword	user@example.com	Vladimir	Putin	Kremlin	['DETECTIVE']	12346
user_34	testpassword	testpassword	user@example.com	Vladimir	Putin	Kremlin	['DETECTIVE']	12346
user_35	testpassword	testpassword	user@example.com	Vladimir	Putin	Kremlin	['DETECTIVE']	12346
user_36	testpassword	testpassword	user@example.com	Vladimir	Putin	Kremlin	['DETECTIVE']	12346
user_37	testpassword	testpassword	user@example.com	Vladimir	Putin	Kremlin	['DETECTIVE']	12346
user_38	testpassword	testpassword	user@example.com	Vladimir	Putin	Kremlin	['DETECTIVE']	12346
user_39	testpassword	testpassword	user@example.com	Vladimir	Putin	Kremlin	['DETECTIVE']	12346
user_40	testpassword	testpassword	user@example.com	Vladimir	Putin	Kremlin	['DETECTIVE']	12346
user_41	testpassword	testpassword	user@example.com	Vladimir	Putin	Kremlin	['DETECTIVE']	12346
user_42	testpassword	testpassword	user@example.com	Vladimir	Putin	Kremlin	['DETECTIVE']	12346
user_43	testpassword	testpassword	user@example.com	Vladimir	Putin	Kremlin	['DETECTIVE']	12346
user_44	testpassword	testpassword	user@example.com	Vladimir	Putin	Kremlin	['DETECTIVE']	12346
user_45	testpassword	testpassword	user@example.com	Vladimir	Putin	Kremlin	['DETECTIVE']	12346
user_46	testpassword	testpassword	user@example.com	Vladimir	Putin	Kremlin	['DETECTIVE']	12346
user_47	testpassword	testpassword	user@example.com	Vladimir	Putin	Kremlin	['DETECTIVE']	12346
user_48	testpassword	testpassword	user@example.com	Vladimir	Putin	Kremlin	['DETECTIVE']	12346
user_49	testpassword	testpassword	user@example.com	Vladimir	Putin	Kremlin	['DETECTIVE']	12346
user_50	testpassword	testpassword	user@example.com	Vladimir	Putin	Kremlin	['DETECTIVE']	12346
user_51	testpassword	testpassword	user@example.com	Vladimir	Putin	Kremlin	['DETECTIVE']	12346
user_52	testpassword	testpassword	user@example.com	Vladimir	Putin	Kremlin	['DETECTIVE']	12346
user_53	testpassword	testpassword	user@example.com	Vladimir	Putin	Kremlin	['DETECTIVE']	12346
user_54	testpassword	testpassword	user@example.com	Vladimir	Putin	Kremlin	['DETECTIVE']	12346
user_55	testpassword	testpassword	user@example.com	Vladimir	Putin	Kremlin	['DETECTIVE']	12346
user_56	testpassword	testpassword	user@example.com	Vladimir	Putin	Kremlin	['DETECTIVE']	12346
user_57	testpassword	testpassword	user@example.com	Vladimir	Putin	Kremlin	['DETECTIVE']	12346
user_58	testpassword	testpassword	user@example.com	Vladimir	Putin	Kremlin	['DETECTIVE']	12346
user_59	testpassword	testpassword	user@example.com	Vladimir	Putin	Kremlin	['DETECTIVE']	12346
user_60	testpassword	testpassword	user@example.com	Vladimir	Putin	Kremlin	['DETECTIVE']	12346
user_61	testpassword	testpassword	user@example.com	Vladimir	Putin	Kremlin	['DETECTIVE']	12346
user_62	testpassword	testpassword	user@example.com	Vladimir	Putin	Kremlin	['DETECTIVE']	12346
user_63	testpassword	testpassword	user@example.com	Vladimir	Putin	Kremlin	['DETECTIVE']	12346
user_64	testpassword	testpassword	user@example.com	Vladimir	Putin	Kremlin	['DETECTIVE']	12346
user_65	testpassword	testpassword	user@example.com	Vladimir	Putin	Kremlin	['DETECTIVE']	12346
user_66	testpassword	testpassword	user@example.com	Vladimir	Putin	Kremlin	['DETECTIVE']	12346
user_67	testpassword	testpassword	user@example.com	Vladimir	Putin	Kremlin	['DETECTIVE']	12346
user_68	testpassword	testpassword	user@example.com	Vladimir	Putin	Kremlin	['DETECTIVE']	12346
user_69	testpassword	testpassword	user@example.com	Vladimir	Putin	Kremlin	['DETECTIVE']	12346
user_70	testpassword	testpassword	user@example.com	Vladimir	Putin	Kremlin	['DETECTIVE']	12346
user_71	testpassword	testpassword	user@example.com	Vladimir	Putin	Kremlin	['DETECTIVE']	12346
user_72	testpassword	testpassword	user@example.com	Vladimir	Putin	Kremlin	['DETECTIVE']	12346
user_73	testpassword	testpassword	user@example.com	Vladimir	Putin	Kremlin	['DETECTIVE']	12346
user_74	testpassword	testpassword	user@example.com	Vladimir	Putin	Kremlin	['DETECTIVE']	12346
user_75	testpassword	testpassword	user@example.com	Vladimir	Putin	Kremlin	['DETECTIVE']	12346
user_76	testpassword	testpassword	user@example.com	Vladimir	Putin	Kremlin	['DETECTIVE']	12346
user_77	testpassword	testpassword	user@example.com	Vladimir	Putin	Kremlin	['DETECTIVE']	12346
user_78	testpassword	testpassword	user@example.com	Vladimir	Putin	Kremlin	['DETECTIVE']	12346
user_79	testpassword	testpassword	user@example.com	Vladimir	Putin	Kremlin	['DETECTIVE']	12346
user_80	testpassword	testpassword	user@example.com	Vladimir	Putin	Kremlin	['DETECTIVE']	12346
user_81	testpassword	testpassword	user@example.com	Vladimir	Putin	Kremlin	['DETECTIVE']	12346
user_82	testpassword	testpassword	user@example.com	Vladimir	Putin	Kremlin	['DETECTIVE']	12346
user_83	testpassword	testpassword	user@example.com	Vladimir	Putin	Kremlin	['DETECTIVE']	12346
user_84	testpassword	testpassword	user@example.com	Vladimir	Putin	Kremlin	['DETECTIVE']	12346
user_85	testpassword	testpassword	user@example.com	Vladimir	Putin	Kremlin	['DETECTIVE']	12346
user_86	testpassword	testpassword	user@example.com	Vladimir	Putin	Kremlin	['DETECTIVE']	12346
user_87	testpassword	testpassword	user@example.com	Vladimir	Putin	Kremlin	['DETECTIVE']	12346
user_88	testpassword	testpassword	user@example.com	Vladimir	Putin	Kremlin	['DETECTIVE']	12346
user_89	testpassword	testpassword	user@example.com	Vladimir	Putin	Kremlin	['DETECTIVE']	12346
user_90	testpassword	testpassword	user@example.com	Vladimir	Putin	Kremlin	['DETECTIVE']	12346
user_91	testpassword	testpassword	user@example.com	Vladimir	Putin	Kremlin	['DETECTIVE']	12346
user_92	testpassword	testpassword	user@example.com	Vladimir	Putin	Kremlin	['DETECTIVE']	12346
user_93	testpassword	testpassword	user@example.com	Vladimir	Putin	Kremlin	['DETECTIVE']	12346
user_94	testpassword	testpassword	user@example.com	Vladimir	Putin	Kremlin	['DETECTIVE']	12346
user_95	testpassword	testpassword	user@example.com	Vladimir	Putin	Kremlin	['DETECTIVE']	12346
user_96	testpassword	testpassword	user@example.com	Vladimir	Putin	Kremlin	['DETECTIVE']	12346
user_97	testpassword	testpassword	user@example.com	Vladimir	Putin	Kremlin	['DETECTIVE']	12346
user_98	testpassword	testpassword	user@example.com	Vladimir	Putin	Kremlin	['DETECTIVE']	12346
user_99	testpassword	testpassword	user@example.com	Vladimir	Putin	Kremlin	['DETECTIVE']	12346
user_100	testpassword	testpassword	user@example.com	Vladimir	Putin	Kremlin	['DETECTIVE']	12346
user_101	testpassword	testpassword	user@example.com	Vladimir	Putin	Kremlin	['DETECTIVE']	12346
user_102	testpassword	testpassword	user@example.com	Vladimir	Putin	Kremlin	['DETECTIVE']	12346
user_103	testpassword	testpassword	user@example.com	Vladimir	Putin	Kremlin	['DETECTIVE']	12346
user_104	testpassword	testpassword	user@example.com	Vladimir	Putin	Kremlin	['DETECTIVE']	12346
user_105	testpassword	testpassword	user@example.com	Vladimir	Putin	Kremlin	['DETECTIVE']	12346
user_106	testpassword	testpassword	user@example.com	Vladimir	Putin	Kremlin	['DETECTIVE']	12346
user_107	testpassword	testpassword	user@example.com	Vladimir	Putin	Kremlin	['DETECTIVE']	12346
user_108	testpassword	testpassword	user@example.com	Vladimir	Putin	Kremlin	['DETECTIVE']	12346
user_109	testpassword	testpassword	user@example.com	Vladimir	Putin	Kremlin	['DETECTIVE']	12346
user_110	testpassword	testpassword	user@example.com	Vladimir	Putin	Kremlin	['DETECTIVE']	12346
user_111	testpassword	testpassword	user@example.com	Vladimir	Putin	Kremlin	['DETECTIVE']	12346
user_112	testpassword	testpassword	user@example.com	Vladimir	Putin	Kremlin	['DETECTIVE']	12346
user_113	testpassword	testpassword	user@example.com	Vladimir	Putin	Kremlin	['DETECTIVE']	12346
user_114	testpassword	testpassword	user@example.com	Vladimir	Putin	Kremlin	['DETECTIVE']	12346
user_115	testpassword	testpassword	user@example.com	Vladimir	Putin	Kremlin	['DETECTIVE']	12346
user_116	testpassword	testpassword	user@example.com	Vladimir	Putin	Kremlin	['DETECTIVE']	12346
user_117	testpassword	testpassword	user@example.com	Vladimir	Putin	Kremlin	['DETECTIVE']	12346
user_118	testpassword	testpassword	user@example.com	Vladimir	Putin	Kremlin	['DETECTIVE']	12346
user_119	testpassword	testpassword	user@example.com	Vladimir	Putin	Kremlin	['DETECTIVE']	12346
user_120	testpassword	testpassword	user@example.com	Vladimir	Putin	Kremlin	['DETECTIVE']	12346
user_121	testpassword	testpassword	user@example.com	Vladimir	Putin	Kremlin	['DETECTIVE']	12346
user_122	testpassword	testpassword	user@example.com	Vladimir	Putin	Kremlin	['DETECTIVE']	12346
user_123	testpassword	testpassword	user@example.com	Vladimir	Putin	Kremlin	['DETECTIVE']	12346
user_124	testpassword	testpassword	user@example.com	Vladimir	Putin	Kremlin	['DETECTIVE']	12346
user_125	testpassword	testpassword	user@example.com	Vladimir	Putin	Kremlin	['DETECTIVE']	12346
user_126	testpassword	testpassword	user@example.com	Vladimir	Putin	Kremlin	['DETECTIVE']	12346
user_127	testpassword	testpassword	user@example.com	Vladimir	Putin	Kremlin	['DETECTIVE']	12346
user_128	testpassword	testpassword	user@example.com	Vladimir	Putin	Kremlin	['DETECTIVE']	12346
user_129	testpassword	testpassword	user@example.com	Vladimir	Putin	Kremlin	['DETECTIVE']	12346
user_130	testpassword	testpassword	user@example.com	Vladimir	Putin	Kremlin	['DETECTIVE']	12346
user_131	testpassword	testpassword	user@example.com	Vladimir	Putin	Kremlin	['DETECTIVE']	12346
user_132	testpassword	testpassword	user@example.com	Vladimir	Putin	Kremlin	['DETECTIVE']	12346
user_133	testpassword	testpassword	user@example.com	Vladimir	Putin	Kremlin	['DETECTIVE']	12346
user_134	testpassword	testpassword	user@example.com	Vladimir	Putin	Kremlin	['DETECTIVE']	12346
user_135	testpassword	testpassword	user@example.com	Vladimir	Putin	Kremlin	['DETECTIVE']	12346
user_136	testpassword	testpassword	user@example.com	Vladimir	Putin	Kremlin	['DETECTIVE']	12346
user_137	testpassword	testpassword	user@example.com	Vladimir	Putin	Kremlin	['DETECTIVE']	12346
user_138	testpassword	testpassword	user@example.com	Vladimir	Putin	Kremlin	['DETECTIVE']	12346
user_139	testpassword	testpassword	user@example.com	Vladimir	Putin	Kremlin	['DETECTIVE']	12346
user_140	testpassword	testpassword	user@example.com	Vladimir	Putin	Kremlin	['DETECTIVE']	12346
user_141	testpassword	testpassword	user@example.com	Vladimir	Putin	Kremlin	['DETECTIVE']	12346
user_142	testpassword	testpassword	user@example.com	Vladimir	Putin	Kremlin	['DETECTIVE']	12346
user_143	testpassword	testpassword	user@example.com	Vladimir	Putin	Kremlin	['DETECTIVE']	12346
user_144	testpassword	testpassword	user@example.com	Vladimir	Putin	Kremlin	['DETECTIVE']	12346
user_145	testpassword	testpassword	user@example.com	Vladimir	Putin	Kremlin	['DETECTIVE']	12346
user_146	testpassword	testpassword	user@example.com	Vladimir	Putin	Kremlin	['DETECTIVE']	12346
user_147	testpassword	testpassword	user@example.com	Vladimir	Putin	Kremlin	['DETECTIVE']	12346
user_148	testpassword	testpassword	user@example.com	Vladimir	Putin	Kremlin	['DETECTIVE']	12346
user_149	testpassword	testpassword	user@example.com	Vladimir	Putin	Kremlin	['DETECTIVE']	12346
user_150	testpassword	testpassword	user@example.com	Vladimir	Putin	Kremlin	['DETECTIVE']	12346
user_151	testpassword	testpassword	user@example.com	Vladimir	Putin	Kremlin	['DETECTIVE']	12346
user_152	testpassword	testpassword	user@example.com	Vladimir	Putin	Kremlin	['DETECTIVE']	12346
user_153	testpassword	testpassword	user@example.com	Vladimir	Putin	Kremlin	['DETECTIVE']	12346
user_154	testpassword	testpassword	user@example.com	Vladimir	Putin	Kremlin	['DETECTIVE']	12346
user_155	testpassword	testpassword	user@example.com	Vladimir	Putin	Kremlin	['DETECTIVE']	12346
user_156	testpassword	testpassword	user@example.com	Vladimir	Putin	Kremlin	['DETECTIVE']	12346
user_157	testpassword	testpassword	user@example.com	Vladimir	Putin	Kremlin	['DETECTIVE']	12346
user_158	testpassword	testpassword	user@example.com	Vladimir	Putin	Kremlin	['DETECTIVE']	12346
user_159	testpassword	testpassword	user@example.com	Vladimir	Putin	Kremlin	['DETECTIVE']	12346
user_160	testpassword	testpassword	user@example.com	Vladimir	Putin	Kremlin	['DETECTIVE']	12346
user_161	testpassword	testpassword	user@example.com	Vladimir	Putin	Kremlin	['DETECTIVE']	12346
user_162	testpassword	testpassword	user@example.com	Vladimir	Putin	Kremlin	['DETECTIVE']	12346
user_163	testpassword	testpassword	user@example.com	Vladimir	Putin	Kremlin	['DETECTIVE']	12346
user_164	testpassword	testpassword	user@example.com	Vladimir	Putin	Kremlin	['DETECTIVE']	12346
user_165	testpassword	testpassword	user@example.com	Vladimir	Putin	Kremlin	['DETECTIVE']	12346
user_166	testpassword	testpassword	user@example.com	Vladimir	Putin	Kremlin	['DETECTIVE']	12346
user_167	testpassword	testpassword	user@example.com	Vladimir	Putin	Kremlin	['DETECTIVE']	12346
user_168	testpassword	testpassword	user@example.com	Vladimir	Putin	Kremlin	['DETECTIVE']	12346
user_169	testpassword	testpassword	user@example.com	Vladimir	Putin	Kremlin	['DETECTIVE']	12346
user_170	testpassword	testpassword	user@example.com	Vladimir	Putin	Kremlin	['DETECTIVE']	12346
user_171	testpassword	testpassword	user@example.com	Vladimir	Putin	Kremlin	['DETECTIVE']	12346
user_172	testpassword	testpassword	user@example.com	Vladimir	Putin	Kremlin	['DETECTIVE']	12346
user_173	testpassword	testpassword	user@example.com	Vladimir	Putin	Kremlin	['DETECTIVE']	12346
user_174	testpassword	testpassword	user@example.com	Vladimir	Putin	Kremlin	['DETECTIVE']	12346
user_175	testpassword	testpassword	user@example.com	Vladimir	Putin	Kremlin	['DETECTIVE']	12346
user_176	testpassword	testpassword	user@example.com	Vladimir	Putin	Kremlin	['DETECTIVE']	12346
user_177	testpassword	testpassword	user@example.com	Vladimir	Putin	Kremlin	['DETECTIVE']	12346
user_178	testpassword	testpassword	user@example.com	Vladimir	Putin	Kremlin	['DETECTIVE']	12346
user_179	testpassword	testpassword	user@example.com	Vladimir	Putin	Kremlin	['DETECTIVE']	12346
user_180	testpassword	testpassword	user@example.com	Vladimir	Putin	Kremlin	['DETECTIVE']	12346
user_181	testpassword	testpassword	user@example.com	Vladimir	Putin	Kremlin	['DETECTIVE']	12346
user_182	testpassword	testpassword	user@example.com	Vladimir	Putin	Kremlin	['DETECTIVE']	12346
user_183	testpassword	testpassword	user@example.com	Vladimir	Putin	Kremlin	['DETECTIVE']	12346
user_184	testpassword	testpassword	user@example.com	Vladimir	Putin	Kremlin	['DETECTIVE']	12346
user_185	testpassword	testpassword	user@example.com	Vladimir	Putin	Kremlin	['DETECTIVE']	12346
user_186	testpassword	testpassword	user@example.com	Vladimir	Putin	Kremlin	['DETECTIVE']	12346
user_187	testpassword	testpassword	user@example.com	Vladimir	Putin	Kremlin	['DETECTIVE']	12346
user_188	testpassword	testpassword	user@example.com	Vladimir	Putin	Kremlin	['DETECTIVE']	12346
user_189	testpassword	testpassword	user@example.com	Vladimir	Putin	Kremlin	['DETECTIVE']	12346
user_190	testpassword	testpassword	user@example.com	Vladimir	Putin	Kremlin	['DETECTIVE']	12346
user_191	testpassword	testpassword	user@example.com	Vladimir	Putin	Kremlin	['DETECTIVE']	12346
user_192	testpassword	testpassword	user@example.com	Vladimir	Putin	Kremlin	['DETECTIVE']	12346
user_193	testpassword	testpassword	user@example.com	Vladimir	Putin	Kremlin	['DETECTIVE']	12346
user_194	testpassword	testpassword	user@example.com	Vladimir	Putin	Kremlin	['DETECTIVE']	12346
user_195	testpassword	testpassword	user@example.com	Vladimir	Putin	Kremlin	['DETECTIVE']	12346
user_196	testpassword	testpassword	user@example.com	Vladimir	Putin	Kremlin	['DETECTIVE']	12346
user_197	testpassword	testpassword	user@example.com	Vladimir	Putin	Kremlin	['DETECTIVE']	12346
user_198	testpassword	testpassword	user@example.com	Vladimir	Putin	Kremlin	['DETECTIVE']	12346
user_199	testpassword	testpassword	user@example.com	Vladimir	Putin	Kremlin	['DETECTIVE']	12346
user_200	testpassword	testpassword	user@example.com	Vladimir	Putin	Kremlin	['DETECTIVE']	12346
user_201	testpassword	testpassword	user@example.com	Vladimir	Putin	Kremlin	['DETECTIVE']	12346
user_202	testpassword	testpassword	user@example.com	Vladimir	Putin	Kremlin	['DETECTIVE']	12346
user_203	testpassword	testpassword	user@example.com	Vladimir	Putin	Kremlin	['DETECTIVE']	12346
user_204	testpassword	testpassword	user@example.com	Vladimir	Putin	Kremlin	['DETECTIVE']	12346
user_205	testpassword	testpassword	user@example.com	Vladimir	Putin	Kremlin	['DETECTIVE']	12346
user_206	testpassword	testpassword	user@example.com	Vladimir	Putin	Kremlin	['DETECTIVE']	12346
user_207	testpassword	testpassword	user@example.com	Vladimir	Putin	Kremlin	['DETECTIVE']	12346
user_208	testpassword	testpassword	user@example.com	Vladimir	Putin	Kremlin	['DETECTIVE']	12346
user_209	testpassword	testpassword	user@example.com	Vladimir	Putin	Kremlin	['DETECTIVE']	12346
user_210	testpassword	testpassword	user@example.com	Vladimir	Putin	Kremlin	['DETECTIVE']	12346
user_211	testpassword	testpassword	user@example.com	Vladimir	Putin	Kremlin	['DETECTIVE']	12346
user_212	testpassword	testpassword	user@example.com	Vladimir	Putin	Kremlin	['DETECTIVE']	12346
user_213	testpassword	testpassword	user@example.com	Vladimir	Putin	Kremlin	['DETECTIVE']	12346
user_214	testpassword	testpassword	user@example.com	Vladimir	Putin	Kremlin	['DETECTIVE']	12346
user_215	testpassword	testpassword	user@example.com	Vladimir	Putin	Kremlin	['DETECTIVE']	12346
user_216	testpassword	testpassword	user@example.com	Vladimir	Putin	Kremlin	['DETECTIVE']	12346
user_217	testpassword	testpassword	user@example.com	Vladimir	Putin	Kremlin	['DETECTIVE']	12346
user_218	testpassword	testpassword	user@example.com	Vladimir	Putin	Kremlin	['DETECTIVE']	12346
user_219	testpassword	testpassword	user@example.com	Vladimir	Putin	Kremlin	['DETECTIVE']	12346
user_220	testpassword	testpassword	user@example.com	Vladimir	Putin	Kremlin	['DETECTIVE']	12346
user_221	testpassword	testpassword	user@example.com	Vladimir	Putin	Kremlin	['DETECTIVE']	12346
user_222	testpassword	testpassword	user@example.com	Vladimir	Putin	Kremlin	['DETECTIVE']	12346
user_223	testpassword	testpassword	user@example.com	Vladimir	Putin	Kremlin	['DETECTIVE']	12346
user_224	testpassword	testpassword	user@example.com	Vladimir	Putin	Kremlin	['DETECTIVE']	12346
user_225	testpassword	testpassword	user@example.com	Vladimir	Putin	Kremlin	['DETECTIVE']	12346
user_226	testpassword	testpassword	user@example.com	Vladimir	Putin	Kremlin	['DETECTIVE']	12346
user_227	testpassword	testpassword	user@example.com	Vladimir	Putin	Kremlin	['DETECTIVE']	12346
user_228	testpassword	testpassword	user@example.com	Vladimir	Putin	Kremlin	['DETECTIVE']	12346
user_229	testpassword	testpassword	user@example.com	Vladimir	Putin	Kremlin	['DETECTIVE']	12346
user_230	testpassword	testpassword	user@example.com	Vladimir	Putin	Kremlin	['DETECTIVE']	12346
user_231	testpassword	testpassword	user@example.com	Vladimir	Putin	Kremlin	['DETECTIVE']	12346
user_232	testpassword	testpassword	user@example.com	Vladimir	Putin	Kremlin	['DETECTIVE']	12346
user_233	testpassword	testpassword	user@example.com	Vladimir	Putin	Kremlin	['DETECTIVE']	12346
user_234	testpassword	testpassword	user@example.com	Vladimir	Putin	Kremlin	['DETECTIVE']	12346
user_235	testpassword	testpassword	user@example.com	Vladimir	Putin	Kremlin	['DETECTIVE']	12346
user_236	testpassword	testpassword	user@example.com	Vladimir	Putin	Kremlin	['DETECTIVE']	12346
user_237	testpassword	testpassword	user@example.com	Vladimir	Putin	Kremlin	['DETECTIVE']	12346
user_238	testpassword	testpassword	user@example.com	Vladimir	Putin	Kremlin	['DETECTIVE']	12346
user_239	testpassword	testpassword	user@example.com	Vladimir	Putin	Kremlin	['DETECTIVE']	12346
user_240	testpassword	testpassword	user@example.com	Vladimir	Putin	Kremlin	['DETECTIVE']	12346
user_241	testpassword	testpassword	user@example.com	Vladimir	Putin	Kremlin	['DETECTIVE']	12346
user_242	testpassword	testpassword	user@example.com	Vladimir	Putin	Kremlin	['DETECTIVE']	12346
user_243	testpassword	testpassword	user@example.com	Vladimir	Putin	Kremlin	['DETECTIVE']	12346
user_244	testpassword	testpassword	user@example.com	Vladimir	Putin	Kremlin	['DETECTIVE']	12346
user_245	testpassword	testpassword	user@example.com	Vladimir	Putin	Kremlin	['DETECTIVE']	12346
user_246	testpassword	testpassword	user@example.com	Vladimir	Putin	Kremlin	['DETECTIVE']	12346
user_247	testpassword	testpassword	user@example.com	Vladimir	Putin	Kremlin	['DETECTIVE']	12346
user_248	testpassword	testpassword	user@example.com	Vladimir	Putin	Kremlin	['DETECTIVE']	12346
user_249	testpassword	testpassword	user@example.com	Vladimir	Putin	Kremlin	['DETECTIVE']	12346
user_250	testpassword	testpassword	user@example.com	Vladimir	Putin	Kremlin	['DETECTIVE']	12346
user_251	testpassword	testpassword	user@example.com	Vladimir	Putin	Kremlin	['DETECTIVE']	12346
user_252	testpassword	testpassword	user@example.com	Vladimir	Putin	Kremlin	['DETECTIVE']	12346
user_253	testpassword	testpassword	user@example.com	Vladimir	Putin	Kremlin	['DETECTIVE']	12346
user_254	testpassword	testpassword	user@example.com	Vladimir	Putin	Kremlin	['DETECTIVE']	12346
user_255	testpassword	testpassword	user@example.com	Vladimir	Putin	Kremlin	['DETECTIVE']	12346
user_256	testpassword	testpassword	user@example.com	Vladimir	Putin	Kremlin	['DETECTIVE']	12346
user_257	testpassword	testpassword	user@example.com	Vladimir	Putin	Kremlin	['DETECTIVE']	12346
user_258	testpassword	testpassword	user@example.com	Vladimir	Putin	Kremlin	['DETECTIVE']	12346
user_259	testpassword	testpassword	user@example.com	Vladimir	Putin	Kremlin	['DETECTIVE']	12346
user_260	testpassword	testpassword	user@example.com	Vladimir	Putin	Kremlin	['DETECTIVE']	12346
user_261	testpassword	testpassword	user@example.com	Vladimir	Putin	Kremlin	['DETECTIVE']	12346
user_262	testpassword	testpassword	user@example.com	Vladimir	Putin	Kremlin	['DETECTIVE']	12346
user_263	testpassword	testpassword	user@example.com	Vladimir	Putin	Kremlin	['DETECTIVE']	12346
user_264	testpassword	testpassword	user@example.com	Vladimir	Putin	Kremlin	['DETECTIVE']	12346
user_265	testpassword	testpassword	user@example.com	Vladimir	Putin	Kremlin	['DETECTIVE']	12346
user_266	testpassword	testpassword	user@example.com	Vladimir	Putin	Kremlin	['DETECTIVE']	12346
user_267	testpassword	testpassword	user@example.com	Vladimir	Putin	Kremlin	['DETECTIVE']	12346
user_268	testpassword	testpassword	user@example.com	Vladimir	Putin	Kremlin	['DETECTIVE']	12346
user_269	testpassword	testpassword	user@example.com	Vladimir	Putin	Kremlin	['DETECTIVE']	12346
user_270	testpassword	testpassword	user@example.com	Vladimir	Putin	Kremlin	['DETECTIVE']	12346
user_271	testpassword	testpassword	user@example.com	Vladimir	Putin	Kremlin	['DETECTIVE']	12346
user_272	testpassword	testpassword	user@example.com	Vladimir	Putin	Kremlin	['DETECTIVE']	12346
user_273	testpassword	testpassword	user@example.com	Vladimir	Putin	Kremlin	['DETECTIVE']	12346
user_274	testpassword	testpassword	user@example.com	Vladimir	Putin	Kremlin	['DETECTIVE']	12346
user_275	testpassword	testpassword	user@example.com	Vladimir	Putin	Kremlin	['DETECTIVE']	12346
user_276	testpassword	testpassword	user@example.com	Vladimir	Putin	Kremlin	['DETECTIVE']	12346
user_277	testpassword	testpassword	user@example.com	Vladimir	Putin	Kremlin	['DETECTIVE']	12346
user_278	testpassword	testpassword	user@example.com	Vladimir	Putin	Kremlin	['DETECTIVE']	12346
user_279	testpassword	testpassword	user@example.com	Vladimir	Putin	Kremlin	['DETECTIVE']	12346
user_280	testpassword	testpassword	user@example.com	Vladimir	Putin	Kremlin	['DETECTIVE']	12346
user_281	testpassword	testpassword	user@example.com	Vladimir	Putin	Kremlin	['DETECTIVE']	12346
user_282	testpassword	testpassword	user@example.com	Vladimir	Putin	Kremlin	['DETECTIVE']	12346
user_283	testpassword	testpassword	user@example.com	Vladimir	Putin	Kremlin	['DETECTIVE']	12346
user_284	testpassword	testpassword	user@example.com	Vladimir	Putin	Kremlin	['DETECTIVE']	12346
user_285	testpassword	testpassword	user@example.com	Vladimir	Putin	Kremlin	['DETECTIVE']	12346
user_286	testpassword	testpassword	user@example.com	Vladimir	Putin	Kremlin	['DETECTIVE']	12346
user_287	testpassword	testpassword	user@example.com	Vladimir	Putin	Kremlin	['DETECTIVE']	12346
user_288	testpassword	testpassword	user@example.com	Vladimir	Putin	Kremlin	['DETECTIVE']	12346
user_289	testpassword	testpassword	user@example.com	Vladimir	Putin	Kremlin	['DETECTIVE']	12346
user_290	testpassword	testpassword	user@example.com	Vladimir	Putin	Kremlin	['DETECTIVE']	12346
user_291	testpassword	testpassword	user@example.com	Vladimir	Putin	Kremlin	['DETECTIVE']	12346
user_292	testpassword	testpassword	user@example.com	Vladimir	Putin	Kremlin	['DETECTIVE']	12346
user_293	testpassword	testpassword	user@example.com	Vladimir	Putin	Kremlin	['DETECTIVE']	12346
user_294	testpassword	testpassword	user@example.com	Vladimir	Putin	Kremlin	['DETECTIVE']	12346
user_295	testpassword	testpassword	user@example.com	Vladimir	Putin	Kremlin	['DETECTIVE']	12346
user_296	testpassword	testpassword	user@example.com	Vladimir	Putin	Kremlin	['DETECTIVE']	12346
user_297	testpassword	testpassword	user@example.com	Vladimir	Putin	Kremlin	['DETECTIVE']	12346
user_298	testpassword	testpassword	user@example.com	Vladimir	Putin	Kremlin	['DETECTIVE']	12346
user_299	testpassword	testpassword	user@example.com	Vladimir	Putin	Kremlin	['DETECTIVE']	12346
user_300	testpassword	testpassword	user@example.com	Vladimir	Putin	Kremlin	['DETECTIVE']	12346
user_301	testpassword	testpassword	user@example.com	Vladimir	Putin	Kremlin	['DETECTIVE']	12346
user_302	testpassword	testpassword	user@example.com	Vladimir	Putin	Kremlin	['DETECTIVE']	12346
user_303	testpassword	testpassword	user@example.com	Vladimir	Putin	Kremlin	['DETECTIVE']	12346
user_304	testpassword	testpassword	user@example.com	Vladimir	Putin	Kremlin	['DETECTIVE']	12346
user_305	testpassword	testpassword	user@example.com	Vladimir	Putin	Kremlin	['DETECTIVE']	12346
user_306	testpassword	testpassword	user@example.com	Vladimir	Putin	Kremlin	['DETECTIVE']	12346
user_307	testpassword	testpassword	user@example.com	Vladimir	Putin	Kremlin	['DETECTIVE']	12346
user_308	testpassword	testpassword	user@example.com	Vladimir	Putin	Kremlin	['DETECTIVE']	12346
user_309	testpassword	testpassword	user@example.com	Vladimir	Putin	Kremlin	['DETECTIVE']	12346
user_310	testpassword	testpassword	user@example.com	Vladimir	Putin	Kremlin	['DETECTIVE']	12346
user_311	testpassword	testpassword	user@example.com	Vladimir	Putin	Kremlin	['DETECTIVE']	12346
user_312	testpassword	testpassword	user@example.com	Vladimir	Putin	Kremlin	['DETECTIVE']	12346
user_313	testpassword	testpassword	user@example.com	Vladimir	Putin	Kremlin	['DETECTIVE']	12346
user_314	testpassword	testpassword	user@example.com	Vladimir	Putin	Kremlin	['DETECTIVE']	12346
user_315	testpassword	testpassword	user@example.com	Vladimir	Putin	Kremlin	['DETECTIVE']	12346
user_316	testpassword	testpassword	user@example.com	Vladimir	Putin	Kremlin	['DETECTIVE']	12346
user_317	testpassword	testpassword	user@example.com	Vladimir	Putin	Kremlin	['DETECTIVE']	12346
user_318	testpassword	testpassword	user@example.com	Vladimir	Putin	Kremlin	['DETECTIVE']	12346
user_319	testpassword	testpassword	user@example.com	Vladimir	Putin	Kremlin	['DETECTIVE']	12346
user_320	testpassword	testpassword	user@example.com	Vladimir	Putin	Kremlin	['DETECTIVE']	12346
user_321	testpassword	testpassword	user@example.com	Vladimir	Putin	Kremlin	['DETECTIVE']	12346
user_322	testpassword	testpassword	user@example.com	Vladimir	Putin	Kremlin	['DETECTIVE']	12346
user_323	testpassword	testpassword	user@example.com	Vladimir	Putin	Kremlin	['DETECTIVE']	12346
user_324	testpassword	testpassword	user@example.com	Vladimir	Putin	Kremlin	['DETECTIVE']	12346
user_325	testpassword	testpassword	user@example.com	Vladimir	Putin	Kremlin	['DETECTIVE']	12346
user_326	testpassword	testpassword	user@example.com	Vladimir	Putin	Kremlin	['DETECTIVE']	12346
user_327	testpassword	testpassword	user@example.com	Vladimir	Putin	Kremlin	['DETECTIVE']	12346
user_328	testpassword	testpassword	user@example.com	Vladimir	Putin	Kremlin	['DETECTIVE']	12346
user_329	testpassword	testpassword	user@example.com	Vladimir	Putin	Kremlin	['DETECTIVE']	12346
user_330	testpassword	testpassword	user@example.com	Vladimir	Putin	Kremlin	['DETECTIVE']	12346
user_331	testpassword	testpassword	user@example.com	Vladimir	Putin	Kremlin	['DETECTIVE']	12346
user_332	testpassword	testpassword	user@example.com	Vladimir	Putin	Kremlin	['DETECTIVE']	12346
user_333	testpassword	testpassword	user@example.com	Vladimir	Putin	Kremlin	['DETECTIVE']	12346
user_334	testpassword	testpassword	user@example.com	Vladimir	Putin	Kremlin	['DETECTIVE']	12346
user_335	testpassword	testpassword	user@example.com	Vladimir	Putin	Kremlin	['DETECTIVE']	12346
user_336	testpassword	testpassword	user@example.com	Vladimir	Putin	Kremlin	['DETECTIVE']	12346
user_337	testpassword	testpassword	user@example.com	Vladimir	Putin	Kremlin	['DETECTIVE']	12346
user_338	testpassword	testpassword	user@example.com	Vladimir	Putin	Kremlin	['DETECTIVE']	12346
user_339	testpassword	testpassword	user@example.com	Vladimir	Putin	Kremlin	['DETECTIVE']	12346
user_340	testpassword	testpassword	user@example.com	Vladimir	Putin	Kremlin	['DETECTIVE']	12346
user_341	testpassword	testpassword	user@example.com	Vladimir	Putin	Kremlin	['DETECTIVE']	12346
user_342	testpassword	testpassword	user@example.com	Vladimir	Putin	Kremlin	['DETECTIVE']	12346
user_343	testpassword	testpassword	user@example.com	Vladimir	Putin	Kremlin	['DETECTIVE']	12346
user_344	testpassword	testpassword	user@example.com	Vladimir	Putin	Kremlin	['DETECTIVE']	12346
user_345	testpassword	testpassword	user@example.com	Vladimir	Putin	Kremlin	['DETECTIVE']	12346
user_346	testpassword	testpassword	user@example.com	Vladimir	Putin	Kremlin	['DETECTIVE']	12346
user_347	testpassword	testpassword	user@example.com	Vladimir	Putin	Kremlin	['DETECTIVE']	12346
user_348	testpassword	testpassword	user@example.com	Vladimir	Putin	Kremlin	['DETECTIVE']	12346
user_349	testpassword	testpassword	user@example.com	Vladimir	Putin	Kremlin	['DETECTIVE']	12346
user_350	testpassword	testpassword	user@example.com	Vladimir	Putin	Kremlin	['DETECTIVE']	12346
user_351	testpassword	testpassword	user@example.com	Vladimir	Putin	Kremlin	['DETECTIVE']	12346
user_352	testpassword	testpassword	user@example.com	Vladimir	Putin	Kremlin	['DETECTIVE']	12346
user_353	testpassword	testpassword	user@example.com	Vladimir	Putin	Kremlin	['DETECTIVE']	12346
user_354	testpassword	testpassword	user@example.com	Vladimir	Putin	Kremlin	['DETECTIVE']	12346
user_355	testpassword	testpassword	user@example.com	Vladimir	Putin	Kremlin	['DETECTIVE']	12346
user_356	testpassword	testpassword	user@example.com	Vladimir	Putin	Kremlin	['DETECTIVE']	12346
user_357	testpassword	testpassword	user@example.com	Vladimir	Putin	Kremlin	['DETECTIVE']	12346
user_358	testpassword	testpassword	user@example.com	Vladimir	Putin	Kremlin	['DETECTIVE']	12346
user_359	testpassword	testpassword	user@example.com	Vladimir	Putin	Kremlin	['DETECTIVE']	12346
user_360	testpassword	testpassword	user@example.com	Vladimir	Putin	Kremlin	['DETECTIVE']	12346
user_361	testpassword	testpassword	user@example.com	Vladimir	Putin	Kremlin	['DETECTIVE']	12346
user_362	testpassword	testpassword	user@example.com	Vladimir	Putin	Kremlin	['DETECTIVE']	12346
user_363	testpassword	testpassword	user@example.com	Vladimir	Putin	Kremlin	['DETECTIVE']	12346
user_364	testpassword	testpassword	user@example.com	Vladimir	Putin	Kremlin	['DETECTIVE']	12346
user_365	testpassword	testpassword	user@example.com	Vladimir	Putin	Kremlin	['DETECTIVE']	12346
user_366	testpassword	testpassword	user@example.com	Vladimir	Putin	Kremlin	['DETECTIVE']	12346
user_367	testpassword	testpassword	user@example.com	Vladimir	Putin	Kremlin	['DETECTIVE']	12346
user_368	testpassword	testpassword	user@example.com	Vladimir	Putin	Kremlin	['DETECTIVE']	12346
user_369	testpassword	testpassword	user@example.com	Vladimir	Putin	Kremlin	['DETECTIVE']	12346
user_370	testpassword	testpassword	user@example.com	Vladimir	Putin	Kremlin	['DETECTIVE']	12346
user_371	testpassword	testpassword	user@example.com	Vladimir	Putin	Kremlin	['DETECTIVE']	12346
user_372	testpassword	testpassword	user@example.com	Vladimir	Putin	Kremlin	['DETECTIVE']	12346
user_373	testpassword	testpassword	user@example.com	Vladimir	Putin	Kremlin	['DETECTIVE']	12346
user_374	testpassword	testpassword	user@example.com	Vladimir	Putin	Kremlin	['DETECTIVE']	12346
user_375	testpassword	testpassword	user@example.com	Vladimir	Putin	Kremlin	['DETECTIVE']	12346
user_376	testpassword	testpassword	user@example.com	Vladimir	Putin	Kremlin	['DETECTIVE']	12346
user_377	testpassword	testpassword	user@example.com	Vladimir	Putin	Kremlin	['DETECTIVE']	12346
user_378	testpassword	testpassword	user@example.com	Vladimir	Putin	Kremlin	['DETECTIVE']	12346
user_379	testpassword	testpassword	user@example.com	Vladimir	Putin	Kremlin	['DETECTIVE']	12346
user_380	testpassword	testpassword	user@example.com	Vladimir	Putin	Kremlin	['DETECTIVE']	12346
user_381	testpassword	testpassword	user@example.com	Vladimir	Putin	Kremlin	['DETECTIVE']	12346
user_382	testpassword	testpassword	user@example.com	Vladimir	Putin	Kremlin	['DETECTIVE']	12346
user_383	testpassword	testpassword	user@example.com	Vladimir	Putin	Kremlin	['DETECTIVE']	12346
user_384	testpassword	testpassword	user@example.com	Vladimir	Putin	Kremlin	['DETECTIVE']	12346
user_385	testpassword	testpassword	user@example.com	Vladimir	Putin	Kremlin	['DETECTIVE']	12346
user_386	testpassword	testpassword	user@example.com	Vladimir	Putin	Kremlin	['DETECTIVE']	12346
user_387	testpassword	testpassword	user@example.com	Vladimir	Putin	Kremlin	['DETECTIVE']	12346
user_388	testpassword	testpassword	user@example.com	Vladimir	Putin	Kremlin	['DETECTIVE']	12346
user_389	testpassword	testpassword	user@example.com	Vladimir	Putin	Kremlin	['DETECTIVE']	12346
user_390	testpassword	testpassword	user@example.com	Vladimir	Putin	Kremlin	['DETECTIVE']	12346
user_391	testpassword	testpassword	user@example.com	Vladimir	Putin	Kremlin	['DETECTIVE']	12346
user_392	testpassword	testpassword	user@example.com	Vladimir	Putin	Kremlin	['DETECTIVE']	12346
user_393	testpassword	testpassword	user@example.com	Vladimir	Putin	Kremlin	['DETECTIVE']	12346
user_394	testpassword	testpassword	user@example.com	Vladimir	Putin	Kremlin	['DETECTIVE']	12346
user_395	testpassword	testpassword	user@example.com	Vladimir	Putin	Kremlin	['DETECTIVE']	12346
user_396	testpassword	testpassword	user@example.com	Vladimir	Putin	Kremlin	['DETECTIVE']	12346
user_397	testpassword	testpassword	user@example.com	Vladimir	Putin	Kremlin	['DETECTIVE']	12346
user_398	testpassword	testpassword	user@example.com	Vladimir	Putin	Kremlin	['DETECTIVE']	12346
user_399	testpassword	testpassword	user@example.com	Vladimir	Putin	Kremlin	['DETECTIVE']	12346
user_400	testpassword	testpassword	user@example.com	Vladimir	Putin	Kremlin	['DETECTIVE']	12346
user_401	testpassword	testpassword	user@example.com	Vladimir	Putin	Kremlin	['DETECTIVE']	12346
user_402	testpassword	testpassword	user@example.com	Vladimir	Putin	Kremlin	['DETECTIVE']	12346
user_403	testpassword	testpassword	user@example.com	Vladimir	Putin	Kremlin	['DETECTIVE']	12346
user_404	testpassword	testpassword	user@example.com	Vladimir	Putin	Kremlin	['DETECTIVE']	12346
user_405	testpassword	testpassword	user@example.com	Vladimir	Putin	Kremlin	['DETECTIVE']	12346
user_406	testpassword	testpassword	user@example.com	Vladimir	Putin	Kremlin	['DETECTIVE']	12346
user_407	testpassword	testpassword	user@example.com	Vladimir	Putin	Kremlin	['DETECTIVE']	12346
user_408	testpassword	testpassword	user@example.com	Vladimir	Putin	Kremlin	['DETECTIVE']	12346
user_409	testpassword	testpassword	user@example.com	Vladimir	Putin	Kremlin	['DETECTIVE']	12346
user_410	testpassword	testpassword	user@example.com	Vladimir	Putin	Kremlin	['DETECTIVE']	12346
user_411	testpassword	testpassword	user@example.com	Vladimir	Putin	Kremlin	['DETECTIVE']	12346
user_412	testpassword	testpassword	user@example.com	Vladimir	Putin	Kremlin	['DETECTIVE']	12346
user_413	testpassword	testpassword	user@example.com	Vladimir	Putin	Kremlin	['DETECTIVE']	12346
user_414	testpassword	testpassword	user@example.com	Vladimir	Putin	Kremlin	['DETECTIVE']	12346
user_415	testpassword	testpassword	user@example.com	Vladimir	Putin	Kremlin	['DETECTIVE']	12346
user_416	testpassword	testpassword	user@example.com	Vladimir	Putin	Kremlin	['DETECTIVE']	12346
user_417	testpassword	testpassword	user@example.com	Vladimir	Putin	Kremlin	['DETECTIVE']	12346
user_418	testpassword	testpassword	user@example.com	Vladimir	Putin	Kremlin	['DETECTIVE']	12346
user_419	testpassword	testpassword	user@example.com	Vladimir	Putin	Kremlin	['DETECTIVE']	12346
user_420	testpassword	testpassword	user@example.com	Vladimir	Putin	Kremlin	['DETECTIVE']	12346
user_421	testpassword	testpassword	user@example.com	Vladimir	Putin	Kremlin	['DETECTIVE']	12346
user_422	testpassword	testpassword	user@example.com	Vladimir	Putin	Kremlin	['DETECTIVE']	12346
user_423	testpassword	testpassword	user@example.com	Vladimir	Putin	Kremlin	['DETECTIVE']	12346
user_424	testpassword	testpassword	user@example.com	Vladimir	Putin	Kremlin	['DETECTIVE']	12346
user_425	testpassword	testpassword	user@example.com	Vladimir	Putin	Kremlin	['DETECTIVE']	12346
user_426	testpassword	testpassword	user@example.com	Vladimir	Putin	Kremlin	['DETECTIVE']	12346
user_427	testpassword	testpassword	user@example.com	Vladimir	Putin	Kremlin	['DETECTIVE']	12346
user_428	testpassword	testpassword	user@example.com	Vladimir	Putin	Kremlin	['DETECTIVE']	12346
user_429	testpassword	testpassword	user@example.com	Vladimir	Putin	Kremlin	['DETECTIVE']	12346
user_430	testpassword	testpassword	user@example.com	Vladimir	Putin	Kremlin	['DETECTIVE']	12346
user_431	testpassword	testpassword	user@example.com	Vladimir	Putin	Kremlin	['DETECTIVE']	12346
user_432	testpassword	testpassword	user@example.com	Vladimir	Putin	Kremlin	['DETECTIVE']	12346
user_433	testpassword	testpassword	user@example.com	Vladimir	Putin	Kremlin	['DETECTIVE']	12346
user_434	testpassword	testpassword	user@example.com	Vladimir	Putin	Kremlin	['DETECTIVE']	12346
user_435	testpassword	testpassword	user@example.com	Vladimir	Putin	Kremlin	['DETECTIVE']	12346
user_436	testpassword	testpassword	user@example.com	Vladimir	Putin	Kremlin	['DETECTIVE']	12346
user_437	testpassword	testpassword	user@example.com	Vladimir	Putin	Kremlin	['DETECTIVE']	12346
user_438	testpassword	testpassword	user@example.com	Vladimir	Putin	Kremlin	['DETECTIVE']	12346
user_439	testpassword	testpassword	user@example.com	Vladimir	Putin	Kremlin	['DETECTIVE']	12346
user_440	testpassword	testpassword	user@example.com	Vladimir	Putin	Kremlin	['DETECTIVE']	12346
user_441	testpassword	testpassword	user@example.com	Vladimir	Putin	Kremlin	['DETECTIVE']	12346
user_442	testpassword	testpassword	user@example.com	Vladimir	Putin	Kremlin	['DETECTIVE']	12346
user_443	testpassword	testpassword	user@example.com	Vladimir	Putin	Kremlin	['DETECTIVE']	12346
user_444	testpassword	testpassword	user@example.com	Vladimir	Putin	Kremlin	['DETECTIVE']	12346
user_445	testpassword	testpassword	user@example.com	Vladimir	Putin	Kremlin	['DETECTIVE']	12346
user_446	testpassword	testpassword	user@example.com	Vladimir	Putin	Kremlin	['DETECTIVE']	12346
user_447	testpassword	testpassword	user@example.com	Vladimir	Putin	Kremlin	['DETECTIVE']	12346
user_448	testpassword	testpassword	user@example.com	Vladimir	Putin	Kremlin	['DETECTIVE']	12346
user_449	testpassword	testpassword	user@example.com	Vladimir	Putin	Kremlin	['DETECTIVE']	12346
user_450	testpassword	testpassword	user@example.com	Vladimir	Putin	Kremlin	['DETECTIVE']	12346
user_451	testpassword	testpassword	user@example.com	Vladimir	Putin	Kremlin	['DETECTIVE']	12346
user_452	testpassword	testpassword	user@example.com	Vladimir	Putin	Kremlin	['DETECTIVE']	12346
user_453	testpassword	testpassword	user@example.com	Vladimir	Putin	Kremlin	['DETECTIVE']	12346
user_454	testpassword	testpassword	user@example.com	Vladimir	Putin	Kremlin	['DETECTIVE']	12346
user_455	testpassword	testpassword	user@example.com	Vladimir	Putin	Kremlin	['DETECTIVE']	12346
user_456	testpassword	testpassword	user@example.com	Vladimir	Putin	Kremlin	['DETECTIVE']	12346
user_457	testpassword	testpassword	user@example.com	Vladimir	Putin	Kremlin	['DETECTIVE']	12346
user_458	testpassword	testpassword	user@example.com	Vladimir	Putin	Kremlin	['DETECTIVE']	12346
user_459	testpassword	testpassword	user@example.com	Vladimir	Putin	Kremlin	['DETECTIVE']	12346
user_460	testpassword	testpassword	user@example.com	Vladimir	Putin	Kremlin	['DETECTIVE']	12346
user_461	testpassword	testpassword	user@example.com	Vladimir	Putin	Kremlin	['DETECTIVE']	12346
user_462	testpassword	testpassword	user@example.com	Vladimir	Putin	Kremlin	['DETECTIVE']	12346
user_463	testpassword	testpassword	user@example.com	Vladimir	Putin	Kremlin	['DETECTIVE']	12346
user_464	testpassword	testpassword	user@example.com	Vladimir	Putin	Kremlin	['DETECTIVE']	12346
user_465	testpassword	testpassword	user@example.com	Vladimir	Putin	Kremlin	['DETECTIVE']	12346
user_466	testpassword	testpassword	user@example.com	Vladimir	Putin	Kremlin	['DETECTIVE']	12346
user_467	testpassword	testpassword	user@example.com	Vladimir	Putin	Kremlin	['DETECTIVE']	12346
user_468	testpassword	testpassword	user@example.com	Vladimir	Putin	Kremlin	['DETECTIVE']	12346
user_469	testpassword	testpassword	user@example.com	Vladimir	Putin	Kremlin	['DETECTIVE']	12346
user_470	testpassword	testpassword	user@example.com	Vladimir	Putin	Kremlin	['DETECTIVE']	12346
user_471	testpassword	testpassword	user@example.com	Vladimir	Putin	Kremlin	['DETECTIVE']	12346
user_472	testpassword	testpassword	user@example.com	Vladimir	Putin	Kremlin	['DETECTIVE']	12346
user_473	testpassword	testpassword	user@example.com	Vladimir	Putin	Kremlin	['DETECTIVE']	12346
user_474	testpassword	testpassword	user@example.com	Vladimir	Putin	Kremlin	['DETECTIVE']	12346
user_475	testpassword	testpassword	user@example.com	Vladimir	Putin	Kremlin	['DETECTIVE']	12346
user_476	testpassword	testpassword	user@example.com	Vladimir	Putin	Kremlin	['DETECTIVE']	12346
user_477	testpassword	testpassword	user@example.com	Vladimir	Putin	Kremlin	['DETECTIVE']	12346
user_478	testpassword	testpassword	user@example.com	Vladimir	Putin	Kremlin	['DETECTIVE']	12346
user_479	testpassword	testpassword	user@example.com	Vladimir	Putin	Kremlin	['DETECTIVE']	12346
user_480	testpassword	testpassword	user@example.com	Vladimir	Putin	Kremlin	['DETECTIVE']	12346
user_481	testpassword	testpassword	user@example.com	Vladimir	Putin	Kremlin	['DETECTIVE']	12346
user_482	testpassword	testpassword	user@example.com	Vladimir	Putin	Kremlin	['DETECTIVE']	12346
user_483	testpassword	testpassword	user@example.com	Vladimir	Putin	Kremlin	['DETECTIVE']	12346
user_484	testpassword	testpassword	user@example.com	Vladimir	Putin	Kremlin	['DETECTIVE']	12346
user_485	testpassword	testpassword	user@example.com	Vladimir	Putin	Kremlin	['DETECTIVE']	12346
user_486	testpassword	testpassword	user@example.com	Vladimir	Putin	Kremlin	['DETECTIVE']	12346
user_487	testpassword	testpassword	user@example.com	Vladimir	Putin	Kremlin	['DETECTIVE']	12346
user_488	testpassword	testpassword	user@example.com	Vladimir	Putin	Kremlin	['DETECTIVE']	12346
user_489	testpassword	testpassword	user@example.com	Vladimir	Putin	Kremlin	['DETECTIVE']	12346
user_490	testpassword	testpassword	user@example.com	Vladimir	Putin	Kremlin	['DETECTIVE']	12346
user_491	testpassword	testpassword	user@example.com	Vladimir	Putin	Kremlin	['DETECTIVE']	12346
user_492	testpassword	testpassword	user@example.com	Vladimir	Putin	Kremlin	['DETECTIVE']	12346
user_493	testpassword	testpassword	user@example.com	Vladimir	Putin	Kremlin	['DETECTIVE']	12346
user_494	testpassword	testpassword	user@example.com	Vladimir	Putin	Kremlin	['DETECTIVE']	12346
user_495	testpassword	testpassword	user@example.com	Vladimir	Putin	Kremlin	['DETECTIVE']	12346
user_496	testpassword	testpassword	user@example.com	Vladimir	Putin	Kremlin	['DETECTIVE']	12346
user_497	testpassword	testpassword	user@example.com	Vladimir	Putin	Kremlin	['DETECTIVE']	12346
user_498	testpassword	testpassword	user@example.com	Vladimir	Putin	Kremlin	['DETECTIVE']	12346
user_499	testpassword	testpassword	user@example.com	Vladimir	Putin	Kremlin	['DETECTIVE']	12346
user_500	testpassword	testpassword	user@example.com	Vladimir	Putin	Kremlin	['DETECTIVE']	12346
user_501	testpassword	testpassword	user@example.com	Vladimir	Putin	Kremlin	['DETECTIVE']	12346
user_502	testpassword	testpassword	user@example.com	Vladimir	Putin	Kremlin	['DETECTIVE']	12346
user_503	testpassword	testpassword	user@example.com	Vladimir	Putin	Kremlin	['DETECTIVE']	12346
user_504	testpassword	testpassword	user@example.com	Vladimir	Putin	Kremlin	['DETECTIVE']	12346
user_505	testpassword	testpassword	user@example.com	Vladimir	Putin	Kremlin	['DETECTIVE']	12346
user_506	testpassword	testpassword	user@example.com	Vladimir	Putin	Kremlin	['DETECTIVE']	12346
user_507	testpassword	testpassword	user@example.com	Vladimir	Putin	Kremlin	['DETECTIVE']	12346
user_508	testpassword	testpassword	user@example.com	Vladimir	Putin	Kremlin	['DETECTIVE']	12346
user_509	testpassword	testpassword	user@example.com	Vladimir	Putin	Kremlin	['DETECTIVE']	12346
user_510	testpassword	testpassword	user@example.com	Vladimir	Putin	Kremlin	['DETECTIVE']	12346
user_511	testpassword	testpassword	user@example.com	Vladimir	Putin	Kremlin	['DETECTIVE']	12346
user_512	testpassword	testpassword	user@example.com	Vladimir	Putin	Kremlin	['DETECTIVE']	12346
user_513	testpassword	testpassword	user@example.com	Vladimir	Putin	Kremlin	['DETECTIVE']	12346
user_514	testpassword	testpassword	user@example.com	Vladimir	Putin	Kremlin	['DETECTIVE']	12346
user_515	testpassword	testpassword	user@example.com	Vladimir	Putin	Kremlin	['DETECTIVE']	12346
user_516	testpassword	testpassword	user@example.com	Vladimir	Putin	Kremlin	['DETECTIVE']	12346
user_517	testpassword	testpassword	user@example.com	Vladimir	Putin	Kremlin	['DETECTIVE']	12346
user_518	testpassword	testpassword	user@example.com	Vladimir	Putin	Kremlin	['DETECTIVE']	12346
user_519	testpassword	testpassword	user@example.com	Vladimir	Putin	Kremlin	['DETECTIVE']	12346
user_520	testpassword	testpassword	user@example.com	Vladimir	Putin	Kremlin	['DETECTIVE']	12346
user_521	testpassword	testpassword	user@example.com	Vladimir	Putin	Kremlin	['DETECTIVE']	12346
user_522	testpassword	testpassword	user@example.com	Vladimir	Putin	Kremlin	['DETECTIVE']	12346
user_523	testpassword	testpassword	user@example.com	Vladimir	Putin	Kremlin	['DETECTIVE']	12346
user_524	testpassword	testpassword	user@example.com	Vladimir	Putin	Kremlin	['DETECTIVE']	12346
user_525	testpassword	testpassword	user@example.com	Vladimir	Putin	Kremlin	['DETECTIVE']	12346
user_526	testpassword	testpassword	user@example.com	Vladimir	Putin	Kremlin	['DETECTIVE']	12346
user_527	testpassword	testpassword	user@example.com	Vladimir	Putin	Kremlin	['DETECTIVE']	12346
user_528	testpassword	testpassword	user@example.com	Vladimir	Putin	Kremlin	['DETECTIVE']	12346
user_529	testpassword	testpassword	user@example.com	Vladimir	Putin	Kremlin	['DETECTIVE']	12346
user_530	testpassword	testpassword	user@example.com	Vladimir	Putin	Kremlin	['DETECTIVE']	12346
user_531	testpassword	testpassword	user@example.com	Vladimir	Putin	Kremlin	['DETECTIVE']	12346
user_532	testpassword	testpassword	user@example.com	Vladimir	Putin	Kremlin	['DETECTIVE']	12346
user_533	testpassword	testpassword	user@example.com	Vladimir	Putin	Kremlin	['DETECTIVE']	12346
user_534	testpassword	testpassword	user@example.com	Vladimir	Putin	Kremlin	['DETECTIVE']	12346
user_535	testpassword	testpassword	user@example.com	Vladimir	Putin	Kremlin	['DETECTIVE']	12346
user_536	testpassword	testpassword	user@example.com	Vladimir	Putin	Kremlin	['DETECTIVE']	12346
user_537	testpassword	testpassword	user@example.com	Vladimir	Putin	Kremlin	['DETECTIVE']	12346
user_538	testpassword	testpassword	user@example.com	Vladimir	Putin	Kremlin	['DETECTIVE']	12346
user_539	testpassword	testpassword	user@example.com	Vladimir	Putin	Kremlin	['DETECTIVE']	12346
user_540	testpassword	testpassword	user@example.com	Vladimir	Putin	Kremlin	['DETECTIVE']	12346
user_541	testpassword	testpassword	user@example.com	Vladimir	Putin	Kremlin	['DETECTIVE']	12346
user_542	testpassword	testpassword	user@example.com	Vladimir	Putin	Kremlin	['DETECTIVE']	12346
user_543	testpassword	testpassword	user@example.com	Vladimir	Putin	Kremlin	['DETECTIVE']	12346
user_544	testpassword	testpassword	user@example.com	Vladimir	Putin	Kremlin	['DETECTIVE']	12346
user_545	testpassword	testpassword	user@example.com	Vladimir	Putin	Kremlin	['DETECTIVE']	12346
user_546	testpassword	testpassword	user@example.com	Vladimir	Putin	Kremlin	['DETECTIVE']	12346
user_547	testpassword	testpassword	user@example.com	Vladimir	Putin	Kremlin	['DETECTIVE']	12346
user_548	testpassword	testpassword	user@example.com	Vladimir	Putin	Kremlin	['DETECTIVE']	12346
user_549	testpassword	testpassword	user@example.com	Vladimir	Putin	Kremlin	['DETECTIVE']	12346
user_550	testpassword	testpassword	user@example.com	Vladimir	Putin	Kremlin	['DETECTIVE']	12346
user_551	testpassword	testpassword	user@example.com	Vladimir	Putin	Kremlin	['DETECTIVE']	12346
user_552	testpassword	testpassword	user@example.com	Vladimir	Putin	Kremlin	['DETECTIVE']	12346
user_553	testpassword	testpassword	user@example.com	Vladimir	Putin	Kremlin	['DETECTIVE']	12346
user_554	testpassword	testpassword	user@example.com	Vladimir	Putin	Kremlin	['DETECTIVE']	12346
user_555	testpassword	testpassword	user@example.com	Vladimir	Putin	Kremlin	['DETECTIVE']	12346
user_556	testpassword	testpassword	user@example.com	Vladimir	Putin	Kremlin	['DETECTIVE']	12346
user_557	testpassword	testpassword	user@example.com	Vladimir	Putin	Kremlin	['DETECTIVE']	12346
user_558	testpassword	testpassword	user@example.com	Vladimir	Putin	Kremlin	['DETECTIVE']	12346
user_559	testpassword	testpassword	user@example.com	Vladimir	Putin	Kremlin	['DETECTIVE']	12346
user_560	testpassword	testpassword	user@example.com	Vladimir	Putin	Kremlin	['DETECTIVE']	12346
user_561	testpassword	testpassword	user@example.com	Vladimir	Putin	Kremlin	['DETECTIVE']	12346
user_562	testpassword	testpassword	user@example.com	Vladimir	Putin	Kremlin	['DETECTIVE']	12346
user_563	testpassword	testpassword	user@example.com	Vladimir	Putin	Kremlin	['DETECTIVE']	12346
user_564	testpassword	testpassword	user@example.com	Vladimir	Putin	Kremlin	['DETECTIVE']	12346
user_565	testpassword	testpassword	user@example.com	Vladimir	Putin	Kremlin	['DETECTIVE']	12346
user_566	testpassword	testpassword	user@example.com	Vladimir	Putin	Kremlin	['DETECTIVE']	12346
user_567	testpassword	testpassword	user@example.com	Vladimir	Putin	Kremlin	['DETECTIVE']	12346
user_568	testpassword	testpassword	user@example.com	Vladimir	Putin	Kremlin	['DETECTIVE']	12346
user_569	testpassword	testpassword	user@example.com	Vladimir	Putin	Kremlin	['DETECTIVE']	12346
user_570	testpassword	testpassword	user@example.com	Vladimir	Putin	Kremlin	['DETECTIVE']	12346
user_571	testpassword	testpassword	user@example.com	Vladimir	Putin	Kremlin	['DETECTIVE']	12346
user_572	testpassword	testpassword	user@example.com	Vladimir	Putin	Kremlin	['DETECTIVE']	12346
user_573	testpassword	testpassword	user@example.com	Vladimir	Putin	Kremlin	['DETECTIVE']	12346
user_574	testpassword	testpassword	user@example.com	Vladimir	Putin	Kremlin	['DETECTIVE']	12346
user_575	testpassword	testpassword	user@example.com	Vladimir	Putin	Kremlin	['DETECTIVE']	12346
user_576	testpassword	testpassword	user@example.com	Vladimir	Putin	Kremlin	['DETECTIVE']	12346
user_577	testpassword	testpassword	user@example.com	Vladimir	Putin	Kremlin	['DETECTIVE']	12346
user_578	testpassword	testpassword	user@example.com	Vladimir	Putin	Kremlin	['DETECTIVE']	12346
user_579	testpassword	testpassword	user@example.com	Vladimir	Putin	Kremlin	['DETECTIVE']	12346
user_580	testpassword	testpassword	user@example.com	Vladimir	Putin	Kremlin	['DETECTIVE']	12346
user_581	testpassword	testpassword	user@example.com	Vladimir	Putin	Kremlin	['DETECTIVE']	12346
user_582	testpassword	testpassword	user@example.com	Vladimir	Putin	Kremlin	['DETECTIVE']	12346
user_583	testpassword	testpassword	user@example.com	Vladimir	Putin	Kremlin	['DETECTIVE']	12346
user_584	testpassword	testpassword	user@example.com	Vladimir	Putin	Kremlin	['DETECTIVE']	12346
user_585	testpassword	testpassword	user@example.com	Vladimir	Putin	Kremlin	['DETECTIVE']	12346
user_586	testpassword	testpassword	user@example.com	Vladimir	Putin	Kremlin	['DETECTIVE']	12346
user_587	testpassword	testpassword	user@example.com	Vladimir	Putin	Kremlin	['DETECTIVE']	12346
user_588	testpassword	testpassword	user@example.com	Vladimir	Putin	Kremlin	['DETECTIVE']	12346
user_589	testpassword	testpassword	user@example.com	Vladimir	Putin	Kremlin	['DETECTIVE']	12346
user_590	testpassword	testpassword	user@example.com	Vladimir	Putin	Kremlin	['DETECTIVE']	12346
user_591	testpassword	testpassword	user@example.com	Vladimir	Putin	Kremlin	['DETECTIVE']	12346
user_592	testpassword	testpassword	user@example.com	Vladimir	Putin	Kremlin	['DETECTIVE']	12346
user_593	testpassword	testpassword	user@example.com	Vladimir	Putin	Kremlin	['DETECTIVE']	12346
user_594	testpassword	testpassword	user@example.com	Vladimir	Putin	Kremlin	['DETECTIVE']	12346
user_595	testpassword	testpassword	user@example.com	Vladimir	Putin	Kremlin	['DETECTIVE']	12346
user_596	testpassword	testpassword	user@example.com	Vladimir	Putin	Kremlin	['DETECTIVE']	12346
user_597	testpassword	testpassword	user@example.com	Vladimir	Putin	Kremlin	['DETECTIVE']	12346
user_598	testpassword	testpassword	user@example.com	Vladimir	Putin	Kremlin	['DETECTIVE']	12346
user_599	testpassword	testpassword	user@example.com	Vladimir	Putin	Kremlin	['DETECTIVE']	12346
user_600	testpassword	testpassword	user@example.com	Vladimir	Putin	Kremlin	['DETECTIVE']	12346
user_601	testpassword	testpassword	user@example.com	Vladimir	Putin	Kremlin	['DETECTIVE']	12346
user_602	testpassword	testpassword	user@example.com	Vladimir	Putin	Kremlin	['DETECTIVE']	12346
user_603	testpassword	testpassword	user@example.com	Vladimir	Putin	Kremlin	['DETECTIVE']	12346
user_604	testpassword	testpassword	user@example.com	Vladimir	Putin	Kremlin	['DETECTIVE']	12346
user_605	testpassword	testpassword	user@example.com	Vladimir	Putin	Kremlin	['DETECTIVE']	12346
user_606	testpassword	testpassword	user@example.com	Vladimir	Putin	Kremlin	['DETECTIVE']	12346
user_607	testpassword	testpassword	user@example.com	Vladimir	Putin	Kremlin	['DETECTIVE']	12346
user_608	testpassword	testpassword	user@example.com	Vladimir	Putin	Kremlin	['DETECTIVE']	12346
user_609	testpassword	testpassword	user@example.com	Vladimir	Putin	Kremlin	['DETECTIVE']	12346
user_610	testpassword	testpassword	user@example.com	Vladimir	Putin	Kremlin	['DETECTIVE']	12346
user_611	testpassword	testpassword	user@example.com	Vladimir	Putin	Kremlin	['DETECTIVE']	12346
user_612	testpassword	testpassword	user@example.com	Vladimir	Putin	Kremlin	['DETECTIVE']	12346
user_613	testpassword	testpassword	user@example.com	Vladimir	Putin	Kremlin	['DETECTIVE']	12346
user_614	testpassword	testpassword	user@example.com	Vladimir	Putin	Kremlin	['DETECTIVE']	12346
user_615	testpassword	testpassword	user@example.com	Vladimir	Putin	Kremlin	['DETECTIVE']	12346
user_616	testpassword	testpassword	user@example.com	Vladimir	Putin	Kremlin	['DETECTIVE']	12346
user_617	testpassword	testpassword	user@example.com	Vladimir	Putin	Kremlin	['DETECTIVE']	12346
user_618	testpassword	testpassword	user@example.com	Vladimir	Putin	Kremlin	['DETECTIVE']	12346
user_619	testpassword	testpassword	user@example.com	Vladimir	Putin	Kremlin	['DETECTIVE']	12346
user_620	testpassword	testpassword	user@example.com	Vladimir	Putin	Kremlin	['DETECTIVE']	12346
user_621	testpassword	testpassword	user@example.com	Vladimir	Putin	Kremlin	['DETECTIVE']	12346
user_622	testpassword	testpassword	user@example.com	Vladimir	Putin	Kremlin	['DETECTIVE']	12346
user_623	testpassword	testpassword	user@example.com	Vladimir	Putin	Kremlin	['DETECTIVE']	12346
user_624	testpassword	testpassword	user@example.com	Vladimir	Putin	Kremlin	['DETECTIVE']	12346
user_625	testpassword	testpassword	user@example.com	Vladimir	Putin	Kremlin	['DETECTIVE']	12346
user_626	testpassword	testpassword	user@example.com	Vladimir	Putin	Kremlin	['DETECTIVE']	12346
user_627	testpassword	testpassword	user@example.com	Vladimir	Putin	Kremlin	['DETECTIVE']	12346
user_628	testpassword	testpassword	user@example.com	Vladimir	Putin	Kremlin	['DETECTIVE']	12346
user_629	testpassword	testpassword	user@example.com	Vladimir	Putin	Kremlin	['DETECTIVE']	12346
user_630	testpassword	testpassword	user@example.com	Vladimir	Putin	Kremlin	['DETECTIVE']	12346
user_631	testpassword	testpassword	user@example.com	Vladimir	Putin	Kremlin	['DETECTIVE']	12346
user_632	testpassword	testpassword	user@example.com	Vladimir	Putin	Kremlin	['DETECTIVE']	12346
user_633	testpassword	testpassword	user@example.com	Vladimir	Putin	Kremlin	['DETECTIVE']	12346
user_634	testpassword	testpassword	user@example.com	Vladimir	Putin	Kremlin	['DETECTIVE']	12346
user_635	testpassword	testpassword	user@example.com	Vladimir	Putin	Kremlin	['DETECTIVE']	12346
user_636	testpassword	testpassword	user@example.com	Vladimir	Putin	Kremlin	['DETECTIVE']	12346
user_637	testpassword	testpassword	user@example.com	Vladimir	Putin	Kremlin	['DETECTIVE']	12346
user_638	testpassword	testpassword	user@example.com	Vladimir	Putin	Kremlin	['DETECTIVE']	12346
user_639	testpassword	testpassword	user@example.com	Vladimir	Putin	Kremlin	['DETECTIVE']	12346
user_640	testpassword	testpassword	user@example.com	Vladimir	Putin	Kremlin	['DETECTIVE']	12346
user_641	testpassword	testpassword	user@example.com	Vladimir	Putin	Kremlin	['DETECTIVE']	12346
user_642	testpassword	testpassword	user@example.com	Vladimir	Putin	Kremlin	['DETECTIVE']	12346
user_643	testpassword	testpassword	user@example.com	Vladimir	Putin	Kremlin	['DETECTIVE']	12346
user_644	testpassword	testpassword	user@example.com	Vladimir	Putin	Kremlin	['DETECTIVE']	12346
user_645	testpassword	testpassword	user@example.com	Vladimir	Putin	Kremlin	['DETECTIVE']	12346
user_646	testpassword	testpassword	user@example.com	Vladimir	Putin	Kremlin	['DETECTIVE']	12346
user_647	testpassword	testpassword	user@example.com	Vladimir	Putin	Kremlin	['DETECTIVE']	12346
user_648	testpassword	testpassword	user@example.com	Vladimir	Putin	Kremlin	['DETECTIVE']	12346
user_649	testpassword	testpassword	user@example.com	Vladimir	Putin	Kremlin	['DETECTIVE']	12346
user_650	testpassword	testpassword	user@example.com	Vladimir	Putin	Kremlin	['DETECTIVE']	12346
user_651	testpassword	testpassword	user@example.com	Vladimir	Putin	Kremlin	['DETECTIVE']	12346
user_652	testpassword	testpassword	user@example.com	Vladimir	Putin	Kremlin	['DETECTIVE']	12346
user_653	testpassword	testpassword	user@example.com	Vladimir	Putin	Kremlin	['DETECTIVE']	12346
user_654	testpassword	testpassword	user@example.com	Vladimir	Putin	Kremlin	['DETECTIVE']	12346
user_655	testpassword	testpassword	user@example.com	Vladimir	Putin	Kremlin	['DETECTIVE']	12346
user_656	testpassword	testpassword	user@example.com	Vladimir	Putin	Kremlin	['DETECTIVE']	12346
user_657	testpassword	testpassword	user@example.com	Vladimir	Putin	Kremlin	['DETECTIVE']	12346
user_658	testpassword	testpassword	user@example.com	Vladimir	Putin	Kremlin	['DETECTIVE']	12346
user_659	testpassword	testpassword	user@example.com	Vladimir	Putin	Kremlin	['DETECTIVE']	12346
user_660	testpassword	testpassword	user@example.com	Vladimir	Putin	Kremlin	['DETECTIVE']	12346
user_661	testpassword	testpassword	user@example.com	Vladimir	Putin	Kremlin	['DETECTIVE']	12346
user_662	testpassword	testpassword	user@example.com	Vladimir	Putin	Kremlin	['DETECTIVE']	12346
user_663	testpassword	testpassword	user@example.com	Vladimir	Putin	Kremlin	['DETECTIVE']	12346
user_664	testpassword	testpassword	user@example.com	Vladimir	Putin	Kremlin	['DETECTIVE']	12346
user_665	testpassword	testpassword	user@example.com	Vladimir	Putin	Kremlin	['DETECTIVE']	12346
user_666	testpassword	testpassword	user@example.com	Vladimir	Putin	Kremlin	['DETECTIVE']	12346
user_667	testpassword	testpassword	user@example.com	Vladimir	Putin	Kremlin	['DETECTIVE']	12346
user_668	testpassword	testpassword	user@example.com	Vladimir	Putin	Kremlin	['DETECTIVE']	12346
user_669	testpassword	testpassword	user@example.com	Vladimir	Putin	Kremlin	['DETECTIVE']	12346
user_670	testpassword	testpassword	user@example.com	Vladimir	Putin	Kremlin	['DETECTIVE']	12346
user_671	testpassword	testpassword	user@example.com	Vladimir	Putin	Kremlin	['DETECTIVE']	12346
user_672	testpassword	testpassword	user@example.com	Vladimir	Putin	Kremlin	['DETECTIVE']	12346
user_673	testpassword	testpassword	user@example.com	Vladimir	Putin	Kremlin	['DETECTIVE']	12346
user_674	testpassword	testpassword	user@example.com	Vladimir	Putin	Kremlin	['DETECTIVE']	12346
user_675	testpassword	testpassword	user@example.com	Vladimir	Putin	Kremlin	['DETECTIVE']	12346
user_676	testpassword	testpassword	user@example.com	Vladimir	Putin	Kremlin	['DETECTIVE']	12346
user_677	testpassword	testpassword	user@example.com	Vladimir	Putin	Kremlin	['DETECTIVE']	12346
user_678	testpassword	testpassword	user@example.com	Vladimir	Putin	Kremlin	['DETECTIVE']	12346
user_679	testpassword	testpassword	user@example.com	Vladimir	Putin	Kremlin	['DETECTIVE']	12346
user_680	testpassword	testpassword	user@example.com	Vladimir	Putin	Kremlin	['DETECTIVE']	12346
user_681	testpassword	testpassword	user@example.com	Vladimir	Putin	Kremlin	['DETECTIVE']	12346
user_682	testpassword	testpassword	user@example.com	Vladimir	Putin	Kremlin	['DETECTIVE']	12346
user_683	testpassword	testpassword	user@example.com	Vladimir	Putin	Kremlin	['DETECTIVE']	12346
user_684	testpassword	testpassword	user@example.com	Vladimir	Putin	Kremlin	['DETECTIVE']	12346
user_685	testpassword	testpassword	user@example.com	Vladimir	Putin	Kremlin	['DETECTIVE']	12346
user_686	testpassword	testpassword	user@example.com	Vladimir	Putin	Kremlin	['DETECTIVE']	12346
user_687	testpassword	testpassword	user@example.com	Vladimir	Putin	Kremlin	['DETECTIVE']	12346
user_688	testpassword	testpassword	user@example.com	Vladimir	Putin	Kremlin	['DETECTIVE']	12346
user_689	testpassword	testpassword	user@example.com	Vladimir	Putin	Kremlin	['DETECTIVE']	12346
user_690	testpassword	testpassword	user@example.com	Vladimir	Putin	Kremlin	['DETECTIVE']	12346
user_691	testpassword	testpassword	user@example.com	Vladimir	Putin	Kremlin	['DETECTIVE']	12346
user_692	testpassword	testpassword	user@example.com	Vladimir	Putin	Kremlin	['DETECTIVE']	12346
user_693	testpassword	testpassword	user@example.com	Vladimir	Putin	Kremlin	['DETECTIVE']	12346
user_694	testpassword	testpassword	user@example.com	Vladimir	Putin	Kremlin	['DETECTIVE']	12346
user_695	testpassword	testpassword	user@example.com	Vladimir	Putin	Kremlin	['DETECTIVE']	12346
user_696	testpassword	testpassword	user@example.com	Vladimir	Putin	Kremlin	['DETECTIVE']	12346
user_697	testpassword	testpassword	user@example.com	Vladimir	Putin	Kremlin	['DETECTIVE']	12346
user_698	testpassword	testpassword	user@example.com	Vladimir	Putin	Kremlin	['DETECTIVE']	12346
user_699	testpassword	testpassword	user@example.com	Vladimir	Putin	Kremlin	['DETECTIVE']	12346
user_700	testpassword	testpassword	user@example.com	Vladimir	Putin	Kremlin	['DETECTIVE']	12346
user_701	testpassword	testpassword	user@example.com	Vladimir	Putin	Kremlin	['DETECTIVE']	12346
user_702	testpassword	testpassword	user@example.com	Vladimir	Putin	Kremlin	['DETECTIVE']	12346
user_703	testpassword	testpassword	user@example.com	Vladimir	Putin	Kremlin	['DETECTIVE']	12346
user_704	testpassword	testpassword	user@example.com	Vladimir	Putin	Kremlin	['DETECTIVE']	12346
user_705	testpassword	testpassword	user@example.com	Vladimir	Putin	Kremlin	['DETECTIVE']	12346
user_706	testpassword	testpassword	user@example.com	Vladimir	Putin	Kremlin	['DETECTIVE']	12346
user_707	testpassword	testpassword	user@example.com	Vladimir	Putin	Kremlin	['DETECTIVE']	12346
user_708	testpassword	testpassword	user@example.com	Vladimir	Putin	Kremlin	['DETECTIVE']	12346
user_709	testpassword	testpassword	user@example.com	Vladimir	Putin	Kremlin	['DETECTIVE']	12346
user_710	testpassword	testpassword	user@example.com	Vladimir	Putin	Kremlin	['DETECTIVE']	12346
user_711	testpassword	testpassword	user@example.com	Vladimir	Putin	Kremlin	['DETECTIVE']	12346
user_712	testpassword	testpassword	user@example.com	Vladimir	Putin	Kremlin	['DETECTIVE']	12346
user_713	testpassword	testpassword	user@example.com	Vladimir	Putin	Kremlin	['DETECTIVE']	12346
user_714	testpassword	testpassword	user@example.com	Vladimir	Putin	Kremlin	['DETECTIVE']	12346
user_715	testpassword	testpassword	user@example.com	Vladimir	Putin	Kremlin	['DETECTIVE']	12346
user_716	testpassword	testpassword	user@example.com	Vladimir	Putin	Kremlin	['DETECTIVE']	12346
user_717	testpassword	testpassword	user@example.com	Vladimir	Putin	Kremlin	['DETECTIVE']	12346
user_718	testpassword	testpassword	user@example.com	Vladimir	Putin	Kremlin	['DETECTIVE']	12346
user_719	testpassword	testpassword	user@example.com	Vladimir	Putin	Kremlin	['DETECTIVE']	12346
user_720	testpassword	testpassword	user@example.com	Vladimir	Putin	Kremlin	['DETECTIVE']	12346
user_721	testpassword	testpassword	user@example.com	Vladimir	Putin	Kremlin	['DETECTIVE']	12346
user_722	testpassword	testpassword	user@example.com	Vladimir	Putin	Kremlin	['DETECTIVE']	12346
user_723	testpassword	testpassword	user@example.com	Vladimir	Putin	Kremlin	['DETECTIVE']	12346
user_724	testpassword	testpassword	user@example.com	Vladimir	Putin	Kremlin	['DETECTIVE']	12346
user_725	testpassword	testpassword	user@example.com	Vladimir	Putin	Kremlin	['DETECTIVE']	12346
user_726	testpassword	testpassword	user@example.com	Vladimir	Putin	Kremlin	['DETECTIVE']	12346
user_727	testpassword	testpassword	user@example.com	Vladimir	Putin	Kremlin	['DETECTIVE']	12346
user_728	testpassword	testpassword	user@example.com	Vladimir	Putin	Kremlin	['DETECTIVE']	12346
user_729	testpassword	testpassword	user@example.com	Vladimir	Putin	Kremlin	['DETECTIVE']	12346
user_730	testpassword	testpassword	user@example.com	Vladimir	Putin	Kremlin	['DETECTIVE']	12346
user_731	testpassword	testpassword	user@example.com	Vladimir	Putin	Kremlin	['DETECTIVE']	12346
user_732	testpassword	testpassword	user@example.com	Vladimir	Putin	Kremlin	['DETECTIVE']	12346
user_733	testpassword	testpassword	user@example.com	Vladimir	Putin	Kremlin	['DETECTIVE']	12346
user_734	testpassword	testpassword	user@example.com	Vladimir	Putin	Kremlin	['DETECTIVE']	12346
user_735	testpassword	testpassword	user@example.com	Vladimir	Putin	Kremlin	['DETECTIVE']	12346
user_736	testpassword	testpassword	user@example.com	Vladimir	Putin	Kremlin	['DETECTIVE']	12346
user_737	testpassword	testpassword	user@example.com	Vladimir	Putin	Kremlin	['DETECTIVE']	12346
user_738	testpassword	testpassword	user@example.com	Vladimir	Putin	Kremlin	['DETECTIVE']	12346
user_739	testpassword	testpassword	user@example.com	Vladimir	Putin	Kremlin	['DETECTIVE']	12346
user_740	testpassword	testpassword	user@example.com	Vladimir	Putin	Kremlin	['DETECTIVE']	12346
user_741	testpassword	testpassword	user@example.com	Vladimir	Putin	Kremlin	['DETECTIVE']	12346
user_742	testpassword	testpassword	user@example.com	Vladimir	Putin	Kremlin	['DETECTIVE']	12346
user_743	testpassword	testpassword	user@example.com	Vladimir	Putin	Kremlin	['DETECTIVE']	12346
user_744	testpassword	testpassword	user@example.com	Vladimir	Putin	Kremlin	['DETECTIVE']	12346
user_745	testpassword	testpassword	user@example.com	Vladimir	Putin	Kremlin	['DETECTIVE']	12346
user_746	testpassword	testpassword	user@example.com	Vladimir	Putin	Kremlin	['DETECTIVE']	12346
user_747	testpassword	testpassword	user@example.com	Vladimir	Putin	Kremlin	['DETECTIVE']	12346
user_748	testpassword	testpassword	user@example.com	Vladimir	Putin	Kremlin	['DETECTIVE']	12346
user_749	testpassword	testpassword	user@example.com	Vladimir	Putin	Kremlin	['DETECTIVE']	12346
user_750	testpassword	testpassword	user@example.com	Vladimir	Putin	Kremlin	['DETECTIVE']	12346
user_751	testpassword	testpassword	user@example.com	Vladimir	Putin	Kremlin	['DETECTIVE']	12346
user_752	testpassword	testpassword	user@example.com	Vladimir	Putin	Kremlin	['DETECTIVE']	12346
user_753	testpassword	testpassword	user@example.com	Vladimir	Putin	Kremlin	['DETECTIVE']	12346
user_754	testpassword	testpassword	user@example.com	Vladimir	Putin	Kremlin	['DETECTIVE']	12346
user_755	testpassword	testpassword	user@example.com	Vladimir	Putin	Kremlin	['DETECTIVE']	12346
user_756	testpassword	testpassword	user@example.com	Vladimir	Putin	Kremlin	['DETECTIVE']	12346
user_757	testpassword	testpassword	user@example.com	Vladimir	Putin	Kremlin	['DETECTIVE']	12346
user_758	testpassword	testpassword	user@example.com	Vladimir	Putin	Kremlin	['DETECTIVE']	12346
user_759	testpassword	testpassword	user@example.com	Vladimir	Putin	Kremlin	['DETECTIVE']	12346
user_760	testpassword	testpassword	user@example.com	Vladimir	Putin	Kremlin	['DETECTIVE']	12346
user_761	testpassword	testpassword	user@example.com	Vladimir	Putin	Kremlin	['DETECTIVE']	12346
user_762	testpassword	testpassword	user@example.com	Vladimir	Putin	Kremlin	['DETECTIVE']	12346
user_763	testpassword	testpassword	user@example.com	Vladimir	Putin	Kremlin	['DETECTIVE']	12346
user_764	testpassword	testpassword	user@example.com	Vladimir	Putin	Kremlin	['DETECTIVE']	12346
user_765	testpassword	testpassword	user@example.com	Vladimir	Putin	Kremlin	['DETECTIVE']	12346
user_766	testpassword	testpassword	user@example.com	Vladimir	Putin	Kremlin	['DETECTIVE']	12346
user_767	testpassword	testpassword	user@example.com	Vladimir	Putin	Kremlin	['DETECTIVE']	12346
user_768	testpassword	testpassword	user@example.com	Vladimir	Putin	Kremlin	['DETECTIVE']	12346
user_769	testpassword	testpassword	user@example.com	Vladimir	Putin	Kremlin	['DETECTIVE']	12346
user_770	testpassword	testpassword	user@example.com	Vladimir	Putin	Kremlin	['DETECTIVE']	12346
user_771	testpassword	testpassword	user@example.com	Vladimir	Putin	Kremlin	['DETECTIVE']	12346
user_772	testpassword	testpassword	user@example.com	Vladimir	Putin	Kremlin	['DETECTIVE']	12346
user_773	testpassword	testpassword	user@example.com	Vladimir	Putin	Kremlin	['DETECTIVE']	12346
user_774	testpassword	testpassword	user@example.com	Vladimir	Putin	Kremlin	['DETECTIVE']	12346
user_775	testpassword	testpassword	user@example.com	Vladimir	Putin	Kremlin	['DETECTIVE']	12346
user_776	testpassword	testpassword	user@example.com	Vladimir	Putin	Kremlin	['DETECTIVE']	12346
user_777	testpassword	testpassword	user@example.com	Vladimir	Putin	Kremlin	['DETECTIVE']	12346
user_778	testpassword	testpassword	user@example.com	Vladimir	Putin	Kremlin	['DETECTIVE']	12346
user_779	testpassword	testpassword	user@example.com	Vladimir	Putin	Kremlin	['DETECTIVE']	12346
user_780	testpassword	testpassword	user@example.com	Vladimir	Putin	Kremlin	['DETECTIVE']	12346
user_781	testpassword	testpassword	user@example.com	Vladimir	Putin	Kremlin	['DETECTIVE']	12346
user_782	testpassword	testpassword	user@example.com	Vladimir	Putin	Kremlin	['DETECTIVE']	12346
user_783	testpassword	testpassword	user@example.com	Vladimir	Putin	Kremlin	['DETECTIVE']	12346
user_784	testpassword	testpassword	user@example.com	Vladimir	Putin	Kremlin	['DETECTIVE']	12346
user_785	testpassword	testpassword	user@example.com	Vladimir	Putin	Kremlin	['DETECTIVE']	12346
user_786	testpassword	testpassword	user@example.com	Vladimir	Putin	Kremlin	['DETECTIVE']	12346
user_787	testpassword	testpassword	user@example.com	Vladimir	Putin	Kremlin	['DETECTIVE']	12346
user_788	testpassword	testpassword	user@example.com	Vladimir	Putin	Kremlin	['DETECTIVE']	12346
user_789	testpassword	testpassword	user@example.com	Vladimir	Putin	Kremlin	['DETECTIVE']	12346
user_790	testpassword	testpassword	user@example.com	Vladimir	Putin	Kremlin	['DETECTIVE']	12346
user_791	testpassword	testpassword	user@example.com	Vladimir	Putin	Kremlin	['DETECTIVE']	12346
user_792	testpassword	testpassword	user@example.com	Vladimir	Putin	Kremlin	['DETECTIVE']	12346
user_793	testpassword	testpassword	user@example.com	Vladimir	Putin	Kremlin	['DETECTIVE']	12346
user_794	testpassword	testpassword	user@example.com	Vladimir	Putin	Kremlin	['DETECTIVE']	12346
user_795	testpassword	testpassword	user@example.com	Vladimir	Putin	Kremlin	['DETECTIVE']	12346
user_796	testpassword	testpassword	user@example.com	Vladimir	Putin	Kremlin	['DETECTIVE']	12346
user_797	testpassword	testpassword	user@example.com	Vladimir	Putin	Kremlin	['DETECTIVE']	12346
user_798	testpassword	testpassword	user@example.com	Vladimir	Putin	Kremlin	['DETECTIVE']	12346
user_799	testpassword	testpassword	user@example.com	Vladimir	Putin	Kremlin	['DETECTIVE']	12346
user_800	testpassword	testpassword	user@example.com	Vladimir	Putin	Kremlin	['DETECTIVE']	12346
user_801	testpassword	testpassword	user@example.com	Vladimir	Putin	Kremlin	['DETECTIVE']	12346
user_802	testpassword	testpassword	user@example.com	Vladimir	Putin	Kremlin	['DETECTIVE']	12346
user_803	testpassword	testpassword	user@example.com	Vladimir	Putin	Kremlin	['DETECTIVE']	12346
user_804	testpassword	testpassword	user@example.com	Vladimir	Putin	Kremlin	['DETECTIVE']	12346
user_805	testpassword	testpassword	user@example.com	Vladimir	Putin	Kremlin	['DETECTIVE']	12346
user_806	testpassword	testpassword	user@example.com	Vladimir	Putin	Kremlin	['DETECTIVE']	12346
user_807	testpassword	testpassword	user@example.com	Vladimir	Putin	Kremlin	['DETECTIVE']	12346
user_808	testpassword	testpassword	user@example.com	Vladimir	Putin	Kremlin	['DETECTIVE']	12346
user_809	testpassword	testpassword	user@example.com	Vladimir	Putin	Kremlin	['DETECTIVE']	12346
user_810	testpassword	testpassword	user@example.com	Vladimir	Putin	Kremlin	['DETECTIVE']	12346
user_811	testpassword	testpassword	user@example.com	Vladimir	Putin	Kremlin	['DETECTIVE']	12346
user_812	testpassword	testpassword	user@example.com	Vladimir	Putin	Kremlin	['DETECTIVE']	12346
user_813	testpassword	testpassword	user@example.com	Vladimir	Putin	Kremlin	['DETECTIVE']	12346
user_814	testpassword	testpassword	user@example.com	Vladimir	Putin	Kremlin	['DETECTIVE']	12346
user_815	testpassword	testpassword	user@example.com	Vladimir	Putin	Kremlin	['DETECTIVE']	12346
user_816	testpassword	testpassword	user@example.com	Vladimir	Putin	Kremlin	['DETECTIVE']	12346
user_817	testpassword	testpassword	user@example.com	Vladimir	Putin	Kremlin	['DETECTIVE']	12346
user_818	testpassword	testpassword	user@example.com	Vladimir	Putin	Kremlin	['DETECTIVE']	12346
user_819	testpassword	testpassword	user@example.com	Vladimir	Putin	Kremlin	['DETECTIVE']	12346
user_820	testpassword	testpassword	user@example.com	Vladimir	Putin	Kremlin	['DETECTIVE']	12346
user_821	testpassword	testpassword	user@example.com	Vladimir	Putin	Kremlin	['DETECTIVE']	12346
user_822	testpassword	testpassword	user@example.com	Vladimir	Putin	Kremlin	['DETECTIVE']	12346
user_823	testpassword	testpassword	user@example.com	Vladimir	Putin	Kremlin	['DETECTIVE']	12346
user_824	testpassword	testpassword	user@example.com	Vladimir	Putin	Kremlin	['DETECTIVE']	12346
user_825	testpassword	testpassword	user@example.com	Vladimir	Putin	Kremlin	['DETECTIVE']	12346
user_826	testpassword	testpassword	user@example.com	Vladimir	Putin	Kremlin	['DETECTIVE']	12346
user_827	testpassword	testpassword	user@example.com	Vladimir	Putin	Kremlin	['DETECTIVE']	12346
user_828	testpassword	testpassword	user@example.com	Vladimir	Putin	Kremlin	['DETECTIVE']	12346
user_829	testpassword	testpassword	user@example.com	Vladimir	Putin	Kremlin	['DETECTIVE']	12346
user_830	testpassword	testpassword	user@example.com	Vladimir	Putin	Kremlin	['DETECTIVE']	12346
user_831	testpassword	testpassword	user@example.com	Vladimir	Putin	Kremlin	['DETECTIVE']	12346
user_832	testpassword	testpassword	user@example.com	Vladimir	Putin	Kremlin	['DETECTIVE']	12346
user_833	testpassword	testpassword	user@example.com	Vladimir	Putin	Kremlin	['DETECTIVE']	12346
user_834	testpassword	testpassword	user@example.com	Vladimir	Putin	Kremlin	['DETECTIVE']	12346
user_835	testpassword	testpassword	user@example.com	Vladimir	Putin	Kremlin	['DETECTIVE']	12346
user_836	testpassword	testpassword	user@example.com	Vladimir	Putin	Kremlin	['DETECTIVE']	12346
user_837	testpassword	testpassword	user@example.com	Vladimir	Putin	Kremlin	['DETECTIVE']	12346
user_838	testpassword	testpassword	user@example.com	Vladimir	Putin	Kremlin	['DETECTIVE']	12346
user_839	testpassword	testpassword	user@example.com	Vladimir	Putin	Kremlin	['DETECTIVE']	12346
user_840	testpassword	testpassword	user@example.com	Vladimir	Putin	Kremlin	['DETECTIVE']	12346
user_841	testpassword	testpassword	user@example.com	Vladimir	Putin	Kremlin	['DETECTIVE']	12346
user_842	testpassword	testpassword	user@example.com	Vladimir	Putin	Kremlin	['DETECTIVE']	12346
user_843	testpassword	testpassword	user@example.com	Vladimir	Putin	Kremlin	['DETECTIVE']	12346
user_844	testpassword	testpassword	user@example.com	Vladimir	Putin	Kremlin	['DETECTIVE']	12346
user_845	testpassword	testpassword	user@example.com	Vladimir	Putin	Kremlin	['DETECTIVE']	12346
user_846	testpassword	testpassword	user@example.com	Vladimir	Putin	Kremlin	['DETECTIVE']	12346
user_847	testpassword	testpassword	user@example.com	Vladimir	Putin	Kremlin	['DETECTIVE']	12346
user_848	testpassword	testpassword	user@example.com	Vladimir	Putin	Kremlin	['DETECTIVE']	12346
user_849	testpassword	testpassword	user@example.com	Vladimir	Putin	Kremlin	['DETECTIVE']	12346
user_850	testpassword	testpassword	user@example.com	Vladimir	Putin	Kremlin	['DETECTIVE']	12346
user_851	testpassword	testpassword	user@example.com	Vladimir	Putin	Kremlin	['DETECTIVE']	12346
user_852	testpassword	testpassword	user@example.com	Vladimir	Putin	Kremlin	['DETECTIVE']	12346
user_853	testpassword	testpassword	user@example.com	Vladimir	Putin	Kremlin	['DETECTIVE']	12346
user_854	testpassword	testpassword	user@example.com	Vladimir	Putin	Kremlin	['DETECTIVE']	12346
user_855	testpassword	testpassword	user@example.com	Vladimir	Putin	Kremlin	['DETECTIVE']	12346
user_856	testpassword	testpassword	user@example.com	Vladimir	Putin	Kremlin	['DETECTIVE']	12346
user_857	testpassword	testpassword	user@example.com	Vladimir	Putin	Kremlin	['DETECTIVE']	12346
user_858	testpassword	testpassword	user@example.com	Vladimir	Putin	Kremlin	['DETECTIVE']	12346
user_859	testpassword	testpassword	user@example.com	Vladimir	Putin	Kremlin	['DETECTIVE']	12346
user_860	testpassword	testpassword	user@example.com	Vladimir	Putin	Kremlin	['DETECTIVE']	12346
user_861	testpassword	testpassword	user@example.com	Vladimir	Putin	Kremlin	['DETECTIVE']	12346
user_862	testpassword	testpassword	user@example.com	Vladimir	Putin	Kremlin	['DETECTIVE']	12346
user_863	testpassword	testpassword	user@example.com	Vladimir	Putin	Kremlin	['DETECTIVE']	12346
user_864	testpassword	testpassword	user@example.com	Vladimir	Putin	Kremlin	['DETECTIVE']	12346
user_865	testpassword	testpassword	user@example.com	Vladimir	Putin	Kremlin	['DETECTIVE']	12346
user_866	testpassword	testpassword	user@example.com	Vladimir	Putin	Kremlin	['DETECTIVE']	12346
user_867	testpassword	testpassword	user@example.com	Vladimir	Putin	Kremlin	['DETECTIVE']	12346
user_868	testpassword	testpassword	user@example.com	Vladimir	Putin	Kremlin	['DETECTIVE']	12346
user_869	testpassword	testpassword	user@example.com	Vladimir	Putin	Kremlin	['DETECTIVE']	12346
user_870	testpassword	testpassword	user@example.com	Vladimir	Putin	Kremlin	['DETECTIVE']	12346
user_871	testpassword	testpassword	user@example.com	Vladimir	Putin	Kremlin	['DETECTIVE']	12346
user_872	testpassword	testpassword	user@example.com	Vladimir	Putin	Kremlin	['DETECTIVE']	12346
user_873	testpassword	testpassword	user@example.com	Vladimir	Putin	Kremlin	['DETECTIVE']	12346
user_874	testpassword	testpassword	user@example.com	Vladimir	Putin	Kremlin	['DETECTIVE']	12346
user_875	testpassword	testpassword	user@example.com	Vladimir	Putin	Kremlin	['DETECTIVE']	12346
user_876	testpassword	testpassword	user@example.com	Vladimir	Putin	Kremlin	['DETECTIVE']	12346
user_877	testpassword	testpassword	user@example.com	Vladimir	Putin	Kremlin	['DETECTIVE']	12346
user_878	testpassword	testpassword	user@example.com	Vladimir	Putin	Kremlin	['DETECTIVE']	12346
user_879	testpassword	testpassword	user@example.com	Vladimir	Putin	Kremlin	['DETECTIVE']	12346
user_880	testpassword	testpassword	user@example.com	Vladimir	Putin	Kremlin	['DETECTIVE']	12346
user_881	testpassword	testpassword	user@example.com	Vladimir	Putin	Kremlin	['DETECTIVE']	12346
user_882	testpassword	testpassword	user@example.com	Vladimir	Putin	Kremlin	['DETECTIVE']	12346
user_883	testpassword	testpassword	user@example.com	Vladimir	Putin	Kremlin	['DETECTIVE']	12346
user_884	testpassword	testpassword	user@example.com	Vladimir	Putin	Kremlin	['DETECTIVE']	12346
user_885	testpassword	testpassword	user@example.com	Vladimir	Putin	Kremlin	['DETECTIVE']	12346
user_886	testpassword	testpassword	user@example.com	Vladimir	Putin	Kremlin	['DETECTIVE']	12346
user_887	testpassword	testpassword	user@example.com	Vladimir	Putin	Kremlin	['DETECTIVE']	12346
user_888	testpassword	testpassword	user@example.com	Vladimir	Putin	Kremlin	['DETECTIVE']	12346
user_889	testpassword	testpassword	user@example.com	Vladimir	Putin	Kremlin	['DETECTIVE']	12346
user_890	testpassword	testpassword	user@example.com	Vladimir	Putin	Kremlin	['DETECTIVE']	12346
user_891	testpassword	testpassword	user@example.com	Vladimir	Putin	Kremlin	['DETECTIVE']	12346
user_892	testpassword	testpassword	user@example.com	Vladimir	Putin	Kremlin	['DETECTIVE']	12346
user_893	testpassword	testpassword	user@example.com	Vladimir	Putin	Kremlin	['DETECTIVE']	12346
user_894	testpassword	testpassword	user@example.com	Vladimir	Putin	Kremlin	['DETECTIVE']	12346
user_895	testpassword	testpassword	user@example.com	Vladimir	Putin	Kremlin	['DETECTIVE']	12346
user_896	testpassword	testpassword	user@example.com	Vladimir	Putin	Kremlin	['DETECTIVE']	12346
user_897	testpassword	testpassword	user@example.com	Vladimir	Putin	Kremlin	['DETECTIVE']	12346
user_898	testpassword	testpassword	user@example.com	Vladimir	Putin	Kremlin	['DETECTIVE']	12346
user_899	testpassword	testpassword	user@example.com	Vladimir	Putin	Kremlin	['DETECTIVE']	12346
user_900	testpassword	testpassword	user@example.com	Vladimir	Putin	Kremlin	['DETECTIVE']	12346
user_901	testpassword	testpassword	user@example.com	Vladimir	Putin	Kremlin	['DETECTIVE']	12346
user_902	testpassword	testpassword	user@example.com	Vladimir	Putin	Kremlin	['DETECTIVE']	12346
user_903	testpassword	testpassword	user@example.com	Vladimir	Putin	Kremlin	['DETECTIVE']	12346
user_904	testpassword	testpassword	user@example.com	Vladimir	Putin	Kremlin	['DETECTIVE']	12346
user_905	testpassword	testpassword	user@example.com	Vladimir	Putin	Kremlin	['DETECTIVE']	12346
user_906	testpassword	testpassword	user@example.com	Vladimir	Putin	Kremlin	['DETECTIVE']	12346
user_907	testpassword	testpassword	user@example.com	Vladimir	Putin	Kremlin	['DETECTIVE']	12346
user_908	testpassword	testpassword	user@example.com	Vladimir	Putin	Kremlin	['DETECTIVE']	12346
user_909	testpassword	testpassword	user@example.com	Vladimir	Putin	Kremlin	['DETECTIVE']	12346
user_910	testpassword	testpassword	user@example.com	Vladimir	Putin	Kremlin	['DETECTIVE']	12346
user_911	testpassword	testpassword	user@example.com	Vladimir	Putin	Kremlin	['DETECTIVE']	12346
user_912	testpassword	testpassword	user@example.com	Vladimir	Putin	Kremlin	['DETECTIVE']	12346
user_913	testpassword	testpassword	user@example.com	Vladimir	Putin	Kremlin	['DETECTIVE']	12346
user_914	testpassword	testpassword	user@example.com	Vladimir	Putin	Kremlin	['DETECTIVE']	12346
user_915	testpassword	testpassword	user@example.com	Vladimir	Putin	Kremlin	['DETECTIVE']	12346
user_916	testpassword	testpassword	user@example.com	Vladimir	Putin	Kremlin	['DETECTIVE']	12346
user_917	testpassword	testpassword	user@example.com	Vladimir	Putin	Kremlin	['DETECTIVE']	12346
user_918	testpassword	testpassword	user@example.com	Vladimir	Putin	Kremlin	['DETECTIVE']	12346
user_919	testpassword	testpassword	user@example.com	Vladimir	Putin	Kremlin	['DETECTIVE']	12346
user_920	testpassword	testpassword	user@example.com	Vladimir	Putin	Kremlin	['DETECTIVE']	12346
user_921	testpassword	testpassword	user@example.com	Vladimir	Putin	Kremlin	['DETECTIVE']	12346
user_922	testpassword	testpassword	user@example.com	Vladimir	Putin	Kremlin	['DETECTIVE']	12346
user_923	testpassword	testpassword	user@example.com	Vladimir	Putin	Kremlin	['DETECTIVE']	12346
user_924	testpassword	testpassword	user@example.com	Vladimir	Putin	Kremlin	['DETECTIVE']	12346
user_925	testpassword	testpassword	user@example.com	Vladimir	Putin	Kremlin	['DETECTIVE']	12346
user_926	testpassword	testpassword	user@example.com	Vladimir	Putin	Kremlin	['DETECTIVE']	12346
user_927	testpassword	testpassword	user@example.com	Vladimir	Putin	Kremlin	['DETECTIVE']	12346
user_928	testpassword	testpassword	user@example.com	Vladimir	Putin	Kremlin	['DETECTIVE']	12346
user_929	testpassword	testpassword	user@example.com	Vladimir	Putin	Kremlin	['DETECTIVE']	12346
user_930	testpassword	testpassword	user@example.com	Vladimir	Putin	Kremlin	['DETECTIVE']	12346
user_931	testpassword	testpassword	user@example.com	Vladimir	Putin	Kremlin	['DETECTIVE']	12346
user_932	testpassword	testpassword	user@example.com	Vladimir	Putin	Kremlin	['DETECTIVE']	12346
user_933	testpassword	testpassword	user@example.com	Vladimir	Putin	Kremlin	['DETECTIVE']	12346
user_934	testpassword	testpassword	user@example.com	Vladimir	Putin	Kremlin	['DETECTIVE']	12346
user_935	testpassword	testpassword	user@example.com	Vladimir	Putin	Kremlin	['DETECTIVE']	12346
user_936	testpassword	testpassword	user@example.com	Vladimir	Putin	Kremlin	['DETECTIVE']	12346
user_937	testpassword	testpassword	user@example.com	Vladimir	Putin	Kremlin	['DETECTIVE']	12346
user_938	testpassword	testpassword	user@example.com	Vladimir	Putin	Kremlin	['DETECTIVE']	12346
user_939	testpassword	testpassword	user@example.com	Vladimir	Putin	Kremlin	['DETECTIVE']	12346
user_940	testpassword	testpassword	user@example.com	Vladimir	Putin	Kremlin	['DETECTIVE']	12346
user_941	testpassword	testpassword	user@example.com	Vladimir	Putin	Kremlin	['DETECTIVE']	12346
user_942	testpassword	testpassword	user@example.com	Vladimir	Putin	Kremlin	['DETECTIVE']	12346
user_943	testpassword	testpassword	user@example.com	Vladimir	Putin	Kremlin	['DETECTIVE']	12346
user_944	testpassword	testpassword	user@example.com	Vladimir	Putin	Kremlin	['DETECTIVE']	12346
user_945	testpassword	testpassword	user@example.com	Vladimir	Putin	Kremlin	['DETECTIVE']	12346
user_946	testpassword	testpassword	user@example.com	Vladimir	Putin	Kremlin	['DETECTIVE']	12346
user_947	testpassword	testpassword	user@example.com	Vladimir	Putin	Kremlin	['DETECTIVE']	12346
user_948	testpassword	testpassword	user@example.com	Vladimir	Putin	Kremlin	['DETECTIVE']	12346
user_949	testpassword	testpassword	user@example.com	Vladimir	Putin	Kremlin	['DETECTIVE']	12346
user_950	testpassword	testpassword	user@example.com	Vladimir	Putin	Kremlin	['DETECTIVE']	12346
user_951	testpassword	testpassword	user@example.com	Vladimir	Putin	Kremlin	['DETECTIVE']	12346
user_952	testpassword	testpassword	user@example.com	Vladimir	Putin	Kremlin	['DETECTIVE']	12346
user_953	testpassword	testpassword	user@example.com	Vladimir	Putin	Kremlin	['DETECTIVE']	12346
user_954	testpassword	testpassword	user@example.com	Vladimir	Putin	Kremlin	['DETECTIVE']	12346
user_955	testpassword	testpassword	user@example.com	Vladimir	Putin	Kremlin	['DETECTIVE']	12346
user_956	testpassword	testpassword	user@example.com	Vladimir	Putin	Kremlin	['DETECTIVE']	12346
user_957	testpassword	testpassword	user@example.com	Vladimir	Putin	Kremlin	['DETECTIVE']	12346
user_958	testpassword	testpassword	user@example.com	Vladimir	Putin	Kremlin	['DETECTIVE']	12346
user_959	testpassword	testpassword	user@example.com	Vladimir	Putin	Kremlin	['DETECTIVE']	12346
user_960	testpassword	testpassword	user@example.com	Vladimir	Putin	Kremlin	['DETECTIVE']	12346
user_961	testpassword	testpassword	user@example.com	Vladimir	Putin	Kremlin	['DETECTIVE']	12346
user_962	testpassword	testpassword	user@example.com	Vladimir	Putin	Kremlin	['DETECTIVE']	12346
user_963	testpassword	testpassword	user@example.com	Vladimir	Putin	Kremlin	['DETECTIVE']	12346
user_964	testpassword	testpassword	user@example.com	Vladimir	Putin	Kremlin	['DETECTIVE']	12346
user_965	testpassword	testpassword	user@example.com	Vladimir	Putin	Kremlin	['DETECTIVE']	12346
user_966	testpassword	testpassword	user@example.com	Vladimir	Putin	Kremlin	['DETECTIVE']	12346
user_967	testpassword	testpassword	user@example.com	Vladimir	Putin	Kremlin	['DETECTIVE']	12346
user_968	testpassword	testpassword	user@example.com	Vladimir	Putin	Kremlin	['DETECTIVE']	12346
user_969	testpassword	testpassword	user@example.com	Vladimir	Putin	Kremlin	['DETECTIVE']	12346
user_970	testpassword	testpassword	user@example.com	Vladimir	Putin	Kremlin	['DETECTIVE']	12346
user_971	testpassword	testpassword	user@example.com	Vladimir	Putin	Kremlin	['DETECTIVE']	12346
user_972	testpassword	testpassword	user@example.com	Vladimir	Putin	Kremlin	['DETECTIVE']	12346
user_973	testpassword	testpassword	user@example.com	Vladimir	Putin	Kremlin	['DETECTIVE']	12346
user_974	testpassword	testpassword	user@example.com	Vladimir	Putin	Kremlin	['DETECTIVE']	12346
user_975	testpassword	testpassword	user@example.com	Vladimir	Putin	Kremlin	['DETECTIVE']	12346
user_976	testpassword	testpassword	user@example.com	Vladimir	Putin	Kremlin	['DETECTIVE']	12346
user_977	testpassword	testpassword	user@example.com	Vladimir	Putin	Kremlin	['DETECTIVE']	12346
user_978	testpassword	testpassword	user@example.com	Vladimir	Putin	Kremlin	['DETECTIVE']	12346
user_979	testpassword	testpassword	user@example.com	Vladimir	Putin	Kremlin	['DETECTIVE']	12346
user_980	testpassword	testpassword	user@example.com	Vladimir	Putin	Kremlin	['DETECTIVE']	12346
user_981	testpassword	testpassword	user@example.com	Vladimir	Putin	Kremlin	['DETECTIVE']	12346
user_982	testpassword	testpassword	user@example.com	Vladimir	Putin	Kremlin	['DETECTIVE']	12346
user_983	testpassword	testpassword	user@example.com	Vladimir	Putin	Kremlin	['DETECTIVE']	12346
user_984	testpassword	testpassword	user@example.com	Vladimir	Putin	Kremlin	['DETECTIVE']	12346
user_985	testpassword	testpassword	user@example.com	Vladimir	Putin	Kremlin	['DETECTIVE']	12346
user_986	testpassword	testpassword	user@example.com	Vladimir	Putin	Kremlin	['DETECTIVE']	12346
user_987	testpassword	testpassword	user@example.com	Vladimir	Putin	Kremlin	['DETECTIVE']	12346
user_988	testpassword	testpassword	user@example.com	Vladimir	Putin	Kremlin	['DETECTIVE']	12346
user_989	testpassword	testpassword	user@example.com	Vladimir	Putin	Kremlin	['DETECTIVE']	12346
user_990	testpassword	testpassword	user@example.com	Vladimir	Putin	Kremlin	['DETECTIVE']	12346
user_991	testpassword	testpassword	user@example.com	Vladimir	Putin	Kremlin	['DETECTIVE']	12346
user_992	testpassword	testpassword	user@example.com	Vladimir	Putin	Kremlin	['DETECTIVE']	12346
user_993	testpassword	testpassword	user@example.com	Vladimir	Putin	Kremlin	['DETECTIVE']	12346
user_994	testpassword	testpassword	user@example.com	Vladimir	Putin	Kremlin	['DETECTIVE']	12346
user_995	testpassword	testpassword	user@example.com	Vladimir	Putin	Kremlin	['DETECTIVE']	12346
user_996	testpassword	testpassword	user@example.com	Vladimir	Putin	Kremlin	['DETECTIVE']	12346
user_997	testpassword	testpassword	user@example.com	Vladimir	Putin	Kremlin	['DETECTIVE']	12346
user_998	testpassword	testpassword	user@example.com	Vladimir	Putin	Kremlin	['DETECTIVE']	12346
user_999	testpassword	testpassword	user@example.com	Vladimir	Putin	Kremlin	['DETECTIVE']	12346
