login	password
user_0	testpassword
user_1	testpassword
user_2	testpassword
user_3	testpassword
user_4	testpassword
user_5	testpassword
user_6	testpassword
user_7	testpassword
user_8	testpassword
user_9	testpassword
user_10	testpassword
user_11	testpassword
user_12	testpassword
user_13	testpassword
user_14	testpassword
user_15	testpassword
user_16	testpassword
user_17	testpassword
user_18	testpassword
user_19	testpassword
user_20	testpassword
user_21	testpassword
user_22	testpassword
user_23	testpassword
user_24	testpassword
user_25	testpassword
user_26	testpassword
user_27	testpassword
user_28	testpassword
user_29	testpassword
user_30	testpassword
user_31	testpassword
user_32	testpassword
user_33	testpassword
user_34	testpassword
user_35	testpassword
user_36	testpassword
user_37	testpassword
user_38	testpassword
user_39	testpassword
user_40	testpassword
user_41	testpassword
user_42	testpassword
user_43	testpassword
user_44	testpassword
user_45	testpassword
user_46	testpassword
user_47	testpassword
user_48	testpassword
user_49	testpassword
user_50	testpassword
user_51	testpassword
user_52	testpassword
user_53	testpassword
user_54	testpassword
user_55	testpassword
user_56	testpassword
user_57	testpassword
user_58	testpassword
user_59	testpassword
user_60	testpassword
user_61	testpassword
user_62	testpassword
user_63	testpassword
user_64	testpassword
user_65	testpassword
user_66	testpassword
user_67	testpassword
user_68	testpassword
user_69	testpassword
user_70	testpassword
user_71	testpassword
user_72	testpassword
user_73	testpassword
user_74	testpassword
user_75	testpassword
user_76	testpassword
user_77	testpassword
user_78	testpassword
user_79	testpassword
user_80	testpassword
user_81	testpassword
user_82	testpassword
user_83	testpassword
user_84	testpassword
user_85	testpassword
user_86	testpassword
user_87	testpassword
user_88	testpassword
user_89	testpassword
user_90	testpassword
user_91	testpassword
user_92	testpassword
user_93	testpassword
user_94	testpassword
user_95	testpassword
user_96	testpassword
user_97	testpassword
user_98	testpassword
user_99	testpassword
user_100	testpassword
user_101	testpassword
user_102	testpassword
user_103	testpassword
user_104	testpassword
user_105	testpassword
user_106	testpassword
user_107	testpassword
user_108	testpassword
user_109	testpassword
user_110	testpassword
user_111	testpassword
user_112	testpassword
user_113	testpassword
user_114	testpassword
user_115	testpassword
user_116	testpassword
user_117	testpassword
user_118	testpassword
user_119	testpassword
user_120	testpassword
user_121	testpassword
user_122	testpassword
user_123	testpassword
user_124	testpassword
user_125	testpassword
user_126	testpassword
user_127	testpassword
user_128	testpassword
user_129	testpassword
user_130	testpassword
user_131	testpassword
user_132	testpassword
user_133	testpassword
user_134	testpassword
user_135	testpassword
user_136	testpassword
user_137	testpassword
user_138	testpassword
user_139	testpassword
user_140	testpassword
user_141	testpassword
user_142	testpassword
user_143	testpassword
user_144	testpassword
user_145	testpassword
user_146	testpassword
user_147	testpassword
user_148	testpassword
user_149	testpassword
user_150	testpassword
user_151	testpassword
user_152	testpassword
user_153	testpassword
user_154	testpassword
user_155	testpassword
user_156	testpassword
user_157	testpassword
user_158	testpassword
user_159	testpassword
user_160	testpassword
user_161	testpassword
user_162	testpassword
user_163	testpassword
user_164	testpassword
user_165	testpassword
user_166	testpassword
user_167	testpassword
user_168	testpassword
user_169	testpassword
user_170	testpassword
user_171	testpassword
user_172	testpassword
user_173	testpassword
user_174	testpassword
user_175	testpassword
user_176	testpassword
user_177	testpassword
user_178	testpassword
user_179	testpassword
user_180	testpassword
user_181	testpassword
user_182	testpassword
user_183	testpassword
user_184	testpassword
user_185	testpassword
user_186	testpassword
user_187	testpassword
user_188	testpassword
user_189	testpassword
user_190	testpassword
user_191	testpassword
user_192	testpassword
user_193	testpassword
user_194	testpassword
user_195	testpassword
user_196	testpassword
user_197	testpassword
user_198	testpassword
user_199	testpassword
user_200	testpassword
user_201	testpassword
user_202	testpassword
user_203	testpassword
user_204	testpassword
user_205	testpassword
user_206	testpassword
user_207	testpassword
user_208	testpassword
user_209	testpassword
user_210	testpassword
user_211	testpassword
user_212	testpassword
user_213	testpassword
user_214	testpassword
user_215	testpassword
user_216	testpassword
user_217	testpassword
user_218	testpassword
user_219	testpassword
user_220	testpassword
user_221	testpassword
user_222	testpassword
user_223	testpassword
user_224	testpassword
user_225	testpassword
user_226	testpassword
user_227	testpassword
user_228	testpassword
user_229	testpassword
user_230	testpassword
user_231	testpassword
user_232	testpassword
user_233	testpassword
user_234	testpassword
user_235	testpassword
user_236	testpassword
user_237	testpassword
user_238	testpassword
user_239	testpassword
user_240	testpassword
user_241	testpassword
user_242	testpassword
user_243	testpassword
user_244	testpassword
user_245	testpassword
user_246	testpassword
user_247	testpassword
user_248	testpassword
user_249	testpassword
user_250	testpassword
user_251	testpassword
user_252	testpassword
user_253	testpassword
user_254	testpassword
user_255	testpassword
user_256	testpassword
user_257	testpassword
user_258	testpassword
user_259	testpassword
user_260	testpassword
user_261	testpassword
user_262	testpassword
user_263	testpassword
user_264	testpassword
user_265	testpassword
user_266	testpassword
user_267	testpassword
user_268	testpassword
user_269	testpassword
user_270	testpassword
user_271	testpassword
user_272	testpassword
user_273	testpassword
user_274	testpassword
user_275	testpassword
user_276	testpassword
user_277	testpassword
user_278	testpassword
user_279	testpassword
user_280	testpassword
user_281	testpassword
user_282	testpassword
user_283	testpassword
user_284	testpassword
user_285	testpassword
user_286	testpassword
user_287	testpassword
user_288	testpassword
user_289	testpassword
user_290	testpassword
user_291	testpassword
user_292	testpassword
user_293	testpassword
user_294	testpassword
user_295	testpassword
user_296	testpassword
user_297	testpassword
user_298	testpassword
user_299	testpassword
user_300	testpassword
user_301	testpassword
user_302	testpassword
user_303	testpassword
user_304	testpassword
user_305	testpassword
user_306	testpassword
user_307	testpassword
user_308	testpassword
user_309	testpassword
user_310	testpassword
user_311	testpassword
user_312	testpassword
user_313	testpassword
user_314	testpassword
user_315	testpassword
user_316	testpassword
user_317	testpassword
user_318	testpassword
user_319	testpassword
user_320	testpassword
user_321	testpassword
user_322	testpassword
user_323	testpassword
user_324	testpassword
user_325	testpassword
user_326	testpassword
user_327	testpassword
user_328	testpassword
user_329	testpassword
user_330	testpassword
user_331	testpassword
user_332	testpassword
user_333	testpassword
user_334	testpassword
user_335	testpassword
user_336	testpassword
user_337	testpassword
user_338	testpassword
user_339	testpassword
user_340	testpassword
user_341	testpassword
user_342	testpassword
user_343	testpassword
user_344	testpassword
user_345	testpassword
user_346	testpassword
user_347	testpassword
user_348	testpassword
user_349	testpassword
user_350	testpassword
user_351	testpassword
user_352	testpassword
user_353	testpassword
user_354	testpassword
user_355	testpassword
user_356	testpassword
user_357	testpassword
user_358	testpassword
user_359	testpassword
user_360	testpassword
user_361	testpassword
user_362	testpassword
user_363	testpassword
user_364	testpassword
user_365	testpassword
user_366	testpassword
user_367	testpassword
user_368	testpassword
user_369	testpassword
user_370	testpassword
user_371	testpassword
user_372	testpassword
user_373	testpassword
user_374	testpassword
user_375	testpassword
user_376	testpassword
user_377	testpassword
user_378	testpassword
user_379	testpassword
user_380	testpassword
user_381	testpassword
user_382	testpassword
user_383	testpassword
user_384	testpassword
user_385	testpassword
user_386	testpassword
user_387	testpassword
user_388	testpassword
user_389	testpassword
user_390	testpassword
user_391	testpassword
user_392	testpassword
user_393	testpassword
user_394	testpassword
user_395	testpassword
user_396	testpassword
user_397	testpassword
user_398	testpassword
user_399	testpassword
user_400	testpassword
user_401	testpassword
user_402	testpassword
user_403	testpassword
user_404	testpassword
user_405	testpassword
user_406	testpassword
user_407	testpassword
user_408	testpassword
user_409	testpassword
user_410	testpassword
user_411	testpassword
user_412	testpassword
user_413	testpassword
user_414	testpassword
user_415	testpassword
user_416	testpassword
user_417	testpassword
user_418	testpassword
user_419	testpassword
user_420	testpassword
user_421	testpassword
user_422	testpassword
user_423	testpassword
user_424	testpassword
user_425	testpassword
user_426	testpassword
user_427	testpassword
user_428	testpassword
user_429	testpassword
user_430	testpassword
user_431	testpassword
user_432	testpassword
user_433	testpassword
user_434	testpassword
user_435	testpassword
user_436	testpassword
user_437	testpassword
user_438	testpassword
user_439	testpassword
user_440	testpassword
user_441	testpassword
user_442	testpassword
user_443	testpassword
user_444	testpassword
user_445	testpassword
user_446	testpassword
user_447	testpassword
user_448	testpassword
user_449	testpassword
user_450	testpassword
user_451	testpassword
user_452	testpassword
user_453	testpassword
user_454	testpassword
user_455	testpassword
user_456	testpassword
user_457	testpassword
user_458	testpassword
user_459	testpassword
user_460	testpassword
user_461	testpassword
user_462	testpassword
user_463	testpassword
user_464	testpassword
user_465	testpassword
user_466	testpassword
user_467	testpassword
user_468	testpassword
user_469	testpassword
user_470	testpassword
user_471	testpassword
user_472	testpassword
user_473	testpassword
user_474	testpassword
user_475	testpassword
user_476	testpassword
user_477	testpassword
user_478	testpassword
user_479	testpassword
user_480	testpassword
user_481	testpassword
user_482	testpassword
user_483	testpassword
user_484	testpassword
user_485	testpassword
user_486	testpassword
user_487	testpassword
user_488	testpassword
user_489	testpassword
user_490	testpassword
user_491	testpassword
user_492	testpassword
user_493	testpassword
user_494	testpassword
user_495	testpassword
user_496	testpassword
user_497	testpassword
user_498	testpassword
user_499	testpassword
user_500	testpassword
user_501	testpassword
user_502	testpassword
user_503	testpassword
user_504	testpassword
user_505	testpassword
user_506	testpassword
user_507	testpassword
user_508	testpassword
user_509	testpassword
user_510	testpassword
user_511	testpassword
user_512	testpassword
user_513	testpassword
user_514	testpassword
user_515	testpassword
user_516	testpassword
user_517	testpassword
user_518	testpassword
user_519	testpassword
user_520	testpassword
user_521	testpassword
user_522	testpassword
user_523	testpassword
user_524	testpassword
user_525	testpassword
user_526	testpassword
user_527	testpassword
user_528	testpassword
user_529	testpassword
user_530	testpassword
user_531	testpassword
user_532	testpassword
user_533	testpassword
user_534	testpassword
user_535	testpassword
user_536	testpassword
user_537	testpassword
user_538	testpassword
user_539	testpassword
user_540	testpassword
user_541	testpassword
user_542	testpassword
user_543	testpassword
user_544	testpassword
user_545	testpassword
user_546	testpassword
user_547	testpassword
user_548	testpassword
user_549	testpassword
user_550	testpassword
user_551	testpassword
user_552	testpassword
user_553	testpassword
user_554	testpassword
user_555	testpassword
user_556	testpassword
user_557	testpassword
user_558	testpassword
user_559	testpassword
user_560	testpassword
user_561	testpassword
user_562	testpassword
user_563	testpassword
user_564	testpassword
user_565	testpassword
user_566	testpassword
user_567	testpassword
user_568	testpassword
user_569	testpassword
user_570	testpassword
user_571	testpassword
user_572	testpassword
user_573	testpassword
user_574	testpassword
user_575	testpassword
user_576	testpassword
user_577	testpassword
user_578	testpassword
user_579	testpassword
user_580	testpassword
user_581	testpassword
user_582	testpassword
user_583	testpassword
user_584	testpassword
user_585	testpassword
user_586	testpassword
user_587	testpassword
user_588	testpassword
user_589	testpassword
user_590	testpassword
user_591	testpassword
user_592	testpassword
user_593	testpassword
user_594	testpassword
user_595	testpassword
user_596	testpassword
user_597	testpassword
user_598	testpassword
user_599	testpassword
user_600	testpassword
user_601	testpassword
user_602	testpassword
user_603	testpassword
user_604	testpassword
user_605	testpassword
user_606	testpassword
user_607	testpassword
user_608	testpassword
user_609	testpassword
user_610	testpassword
user_611	testpassword
user_612	testpassword
user_613	testpassword
user_614	testpassword
user_615	testpassword
user_616	testpassword
user_617	testpassword
user_618	testpassword
user_619	testpassword
user_620	testpassword
user_621	testpassword
user_622	testpassword
user_623	testpassword
user_624	testpassword
user_625	testpassword
user_626	testpassword
user_627	testpassword
user_628	testpassword
user_629	testpassword
user_630	testpassword
user_631	testpassword
user_632	testpassword
user_633	testpassword
user_634	testpassword
user_635	testpassword
user_636	testpassword
user_637	testpassword
user_638	testpassword
user_639	testpassword
user_640	testpassword
user_641	testpassword
user_642	testpassword
user_643	testpassword
user_644	testpassword
user_645	testpassword
user_646	testpassword
user_647	testpassword
user_648	testpassword
user_649	testpassword
user_650	testpassword
user_651	testpassword
user_652	testpassword
user_653	testpassword
user_654	testpassword
user_655	testpassword
user_656	testpassword
user_657	testpassword
user_658	testpassword
user_659	testpassword
user_660	testpassword
user_661	testpassword
user_662	testpassword
user_663	testpassword
user_664	testpassword
user_665	testpassword
user_666	testpassword
user_667	testpassword
user_668	testpassword
user_669	testpassword
user_670	testpassword
user_671	testpassword
user_672	testpassword
user_673	testpassword
user_674	testpassword
user_675	testpassword
user_676	testpassword
user_677	testpassword
user_678	testpassword
user_679	testpassword
user_680	testpassword
user_681	testpassword
user_682	testpassword
user_683	testpassword
user_684	testpassword
user_685	testpassword
user_686	testpassword
user_687	testpassword
user_688	testpassword
user_689	testpassword
user_690	testpassword
user_691	testpassword
user_692	testpassword
user_693	testpassword
user_694	testpassword
user_695	testpassword
user_696	testpassword
user_697	testpassword
user_698	testpassword
user_699	testpassword
user_700	testpassword
user_701	testpassword
user_702	testpassword
user_703	testpassword
user_704	testpassword
user_705	testpassword
user_706	testpassword
user_707	testpassword
user_708	testpassword
user_709	testpassword
user_710	testpassword
user_711	testpassword
user_712	testpassword
user_713	testpassword
user_714	testpassword
user_715	testpassword
user_716	testpassword
user_717	testpassword
user_718	testpassword
user_719	testpassword
user_720	testpassword
user_721	testpassword
user_722	testpassword
user_723	testpassword
user_724	testpassword
user_725	testpassword
user_726	testpassword
user_727	testpassword
user_728	testpassword
user_729	testpassword
user_730	testpassword
user_731	testpassword
user_732	testpassword
user_733	testpassword
user_734	testpassword
user_735	testpassword
user_736	testpassword
user_737	testpassword
user_738	testpassword
user_739	testpassword
user_740	testpassword
user_741	testpassword
user_742	testpassword
user_743	testpassword
user_744	testpassword
user_745	testpassword
user_746	testpassword
user_747	testpassword
user_748	testpassword
user_749	testpassword
user_750	testpassword
user_751	testpassword
user_752	testpassword
user_753	testpassword
user_754	testpassword
user_755	testpassword
user_756	testpassword
user_757	testpassword
user_758	testpassword
user_759	testpassword
user_760	testpassword
user_761	testpassword
user_762	testpassword
user_763	testpassword
user_764	testpassword
user_765	testpassword
user_766	testpassword
user_767	testpassword
user_768	testpassword
user_769	testpassword
user_770	testpassword
user_771	testpassword
user_772	testpassword
user_773	testpassword
user_774	testpassword
user_775	testpassword
user_776	testpassword
user_777	testpassword
user_778	testpassword
user_779	testpassword
user_780	testpassword
user_781	testpassword
user_782	testpassword
user_783	testpassword
user_784	testpassword
user_785	testpassword
user_786	testpassword
user_787	testpassword
user_788	testpassword
user_789	testpassword
user_790	testpassword
user_791	testpassword
user_792	testpassword
user_793	testpassword
user_794	testpassword
user_795	testpassword
user_796	testpassword
user_797	testpassword
user_798	testpassword
user_799	testpassword
user_800	testpassword
user_801	testpassword
user_802	testpassword
user_803	testpassword
user_804	testpassword
user_805	testpassword
user_806	testpassword
user_807	testpassword
user_808	testpassword
user_809	testpassword
user_810	testpassword
user_811	testpassword
user_812	testpassword
user_813	testpassword
user_814	testpassword
user_815	testpassword
user_816	testpassword
user_817	testpassword
user_818	testpassword
user_819	testpassword
user_820	testpassword
user_821	testpassword
user_822	testpassword
user_823	testpassword
user_824	testpassword
user_825	testpassword
user_826	testpassword
user_827	testpassword
user_828	testpassword
user_829	testpassword
user_830	testpassword
user_831	testpassword
user_832	testpassword
user_833	testpassword
user_834	testpassword
user_835	testpassword
user_836	testpassword
user_837	testpassword
user_838	testpassword
user_839	testpassword
user_840	testpassword
user_841	testpassword
user_842	testpassword
user_843	testpassword
user_844	testpassword
user_845	testpassword
user_846	testpassword
user_847	testpassword
user_848	testpassword
user_849	testpassword
user_850	testpassword
user_851	testpassword
user_852	testpassword
user_853	testpassword
user_854	testpassword
user_855	testpassword
user_856	testpassword
user_857	testpassword
user_858	testpassword
user_859	testpassword
user_860	testpassword
user_861	testpassword
user_862	testpassword
user_863	testpassword
user_864	testpassword
user_865	testpassword
user_866	testpassword
user_867	testpassword
user_868	testpassword
user_869	testpassword
user_870	testpassword
user_871	testpassword
user_872	testpassword
user_873	testpassword
user_874	testpassword
user_875	testpassword
user_876	testpassword
user_877	testpassword
user_878	testpassword
user_879	testpassword
user_880	testpassword
user_881	testpassword
user_882	testpassword
user_883	testpassword
user_884	testpassword
user_885	testpassword
user_886	testpassword
user_887	testpassword
user_888	testpassword
user_889	testpassword
user_890	testpassword
user_891	testpassword
user_892	testpassword
user_893	testpassword
user_894	testpassword
user_895	testpassword
user_896	testpassword
user_897	testpassword
user_898	testpassword
user_899	testpassword
user_900	testpassword
user_901	testpassword
user_902	testpassword
user_903	testpassword
user_904	testpassword
user_905	testpassword
user_906	testpassword
user_907	testpassword
user_908	testpassword
user_909	testpassword
user_910	testpassword
user_911	testpassword
user_912	testpassword
user_913	testpassword
user_914	testpassword
user_915	testpassword
user_916	testpassword
user_917	testpassword
user_918	testpassword
user_919	testpassword
user_920	testpassword
user_921	testpassword
user_922	testpassword
user_923	testpassword
user_924	testpassword
user_925	testpassword
user_926	testpassword
user_927	testpassword
user_928	testpassword
user_929	testpassword
user_930	testpassword
user_931	testpassword
user_932	testpassword
user_933	testpassword
user_934	testpassword
user_935	testpassword
user_936	testpassword
user_937	testpassword
user_938	testpassword
user_939	testpassword
user_940	testpassword
user_941	testpassword
user_942	testpassword
user_943	testpassword
user_944	testpassword
user_945	testpassword
user_946	testpassword
user_947	testpassword
user_948	testpassword
user_949	testpassword
user_950	testpassword
user_951	testpassword
user_952	testpassword
user_953	testpassword
user_954	testpassword
user_955	testpassword
user_956	testpassword
user_957	testpassword
user_958	testpassword
user_959	testpassword
user_960	testpassword
user_961	testpassword
user_962	testpassword
user_963	testpassword
user_964	testpassword
user_965	testpassword
user_966	testpassword
user_967	testpassword
user_968	testpassword
user_969	testpassword
user_970	testpassword
user_971	testpassword
user_972	testpassword
user_973	testpassword
user_974	testpassword
user_975	testpassword
user_976	testpassword
user_977	testpassword
user_978	testpassword
user_979	testpassword
user_980	testpassword
user_981	testpassword
user_982	testpassword
user_983	testpassword
user_984	testpassword
user_985	testpassword
user_986	testpassword
user_987	testpassword
user_988	testpassword
user_989	testpassword
user_990	testpassword
user_991	testpassword
user_992	testpassword
user_993	testpassword
user_994	testpassword
user_995	testpassword
user_996	testpassword
user_997	testpassword
user_998	testpassword
user_999	testpassword
